codigo,nome_completo,especialidade,cidade
cfa9a86c-def0-41cb-bfe6-c2a11d962e4f,Fernanda Pereira Araújo,Neurologia,2703403
10d0c078-7d0c-4cba-ba26-ee3e4b0247de,Paulo Gomes Dias,Cardiologia,1717008
c678f471-3972-4c69-8792-8a06cbf7ba17,Marcos Rodrigues Costa,Ginecologia,4126603
2cc738bb-a538-4663-9110-9a5f377f2428,André Martins Fernandes,Clínica Geral,4314902
759394c2-15b7-4d8c-bd29-078511b219e4,João Gomes Teixeira,Radiologia,3543006
5772390a-9e6f-42e8-8010-acaba4775449,Sofia Rocha Nascimento,Psiquiatria,1718006
3cd1bd82-01ef-4952-81d3-2f52a6d9d03c,João Rezende Rocha,Cirurgia Geral,4204806
40d01fc1-4f1c-4aa8-b39d-49c739f56d3c,José Nascimento Fernandes,Endocrinologia,3133402
5907537b-7038-448c-8ee2-0e94dddf20b3,Juliana Costa Cavalcanti,Cirurgia Geral,2211407
af718c5b-5181-431b-affa-be3b9040e829,Daniel Peixoto Souza,Endocrinologia,4202438
64f87246-50fe-4dd4-94ef-5f258a2e1490,Ricardo Correia Correia,Dermatologia,2111953
55124fde-6cf3-400e-ac45-69e3507e791b,Daniel Barbosa Peixoto,Dermatologia,2101608
8c3af5be-8864-4fcf-8dc9-1862a346821f,André Rodrigues Silva,Cirurgia Geral,3550308
0b78068d-9f33-422c-9c9e-90534d2b516d,Felipe Pereira Silva,Ginecologia,1720259
047d9b68-4bbf-4445-a9ed-1ec5536cc916,Patrícia Farias Costa,Urologia,2413409
5635071e-a1dc-4086-a037-56eaf149b6d1,Ana Araújo Lima,Anestesiologia,3108602
94d5efb0-a4d4-4f56-bac9-7c617b07735e,Paulo Almeida Farias,Radiologia,3509254
7312e507-7af3-4fef-b0dc-ab85fd4a338f,Fernanda Araújo Rocha,Ginecologia,4101853
4eeb3107-cfec-4e8f-9e71-1392ef0785ae,Bianca Rezende Martins,Radiologia,2412609
f7c0fd3e-af72-456f-a6f7-ced4546cde92,Maria Rocha Nascimento,Radiologia,3151305
77d3ee15-6706-4eac-ba7c-4e001601825d,Paulo Peixoto Dias,Urologia,3147402
2403e1e1-1369-471a-a42a-c911a8570a24,Lucas Farias Araújo,Oncologia,4321493
c723e9d4-b117-4ab7-a145-7a914ba5590a,Rodrigo Correia Oliveira,Psiquiatria,3110301
30df04c1-c221-46fc-bf41-01beed5a89eb,Sofia Costa Rezende,Endocrinologia,4219358
31618c2c-f710-4280-b77e-46df07b65145,Larissa Correia Oliveira,Psiquiatria,2601003
99b64a1e-3a3d-4dd3-b51f-88488db46306,Lucas Souza Rocha,Radiologia,4308052
7c107318-8348-4247-b5e5-3e597219ed2d,Daniel Farias Nascimento,Oncologia,1504422
57c800ea-c0f1-4983-86f7-a33fa3152233,Larissa Martins Pereira,Radiologia,2413409
7d5cdaa0-2dd3-4a96-b9c8-1b0ed77855ef,Ana Barbosa Araújo,Infectologia,5203500
b371561e-e031-499b-8b61-19a504e24553,Patrícia Farias Freitas,Oftalmologia,1302603
e280735e-4701-4063-b419-63843e62a6b9,Ricardo Peixoto Rocha,Ortopedia,4308458
6be34488-e26b-435b-b530-862e24df2057,Camila Fernandes Souza,Cardiologia,2918605
0ff35dbb-94fe-4409-a851-81d23d952e84,Carlos Correia Cavalcanti,Cardiologia,2304400
4cd2ad21-327e-4c2b-9dd6-9ea61bc160fa,Gabriel Almeida Farias,Nefrologia,3130051
439f26f0-ab08-4d33-a46a-0a161dc9488b,Carlos Cardoso Pereira,Nefrologia,4204301
35fcd48b-9a79-453b-bd23-194e1415cfdc,Ana Almeida Teixeira,Urologia,2211209
3cb7ade3-87e3-40a0-a9f4-cc18f9b35d12,Fernanda Barbosa Souza,Endocrinologia,4124905
70aecec9-50aa-4723-ba16-bb8364328fb6,Felipe Peixoto Rezende,Cardiologia,5105200
df472bd5-ed1f-4f47-8e9a-679510a00392,Eduardo Lima Cavalcanti,Pediatria,3305901
1543f466-473c-4a8a-87c3-b6f7fc125f72,Maria Farias Lima,Radiologia,5221080
70309c87-dcf3-450f-bb6f-870f8a1b5d49,Larissa Fernandes Dias,Anestesiologia,3124104
d64dc711-37ec-4a97-8d1c-915d48cd7b7d,Bruno Souza Cardoso,Pediatria,4204459
c5d707a2-f4ea-4215-ab65-81488ba1a47c,Gabriel Teixeira Nascimento,Dermatologia,2705200
8cc6e5e6-64ff-4cd5-b0d6-c4352914e872,Juliana Oliveira Souza,Psiquiatria,2201572
a5c021d6-12ae-423f-a009-6881aaa0e545,Fernanda Mendes Gomes,Dermatologia,5208707
1f4004a3-1b96-4b41-b837-e0405a44592b,Fernanda Rocha Correia,Dermatologia,5201405
4468fb2b-68c8-4401-8969-b00a426d4dbc,Larissa Teixeira Lima,Infectologia,4113759
e387f652-d367-4ae4-8e49-3b2d8255d5f9,Marcos Correia Martins,Ortopedia,5212956
7d872968-2e07-4bcc-b18b-df77e37030a1,Rodrigo Cavalcanti Peixoto,Nefrologia,5218003
77309e03-37a2-40ce-a2b9-e875b1f22bc3,Maria Silva Pereira,Psiquiatria,4314035
afe5fda5-a546-415a-81df-d36974507401,Tatiane Teixeira Rezende,Nefrologia,5221080
c9352d53-a346-4e8e-82d3-d8e3b378f642,Rodrigo Rocha Dias,Dermatologia,2905503
79493a0b-ee7d-4d75-9c4c-2de76a091a33,Eduardo Cardoso Costa,Infectologia,3544806
9aebb982-2b27-4adb-b18e-e45b6c9b0204,Daniel Cavalcanti Nascimento,Oftalmologia,3164407
e1f21cc7-ad6a-4816-8ccc-a4b3d51dbcbd,Maria Rezende Martins,Endocrinologia,4205803
9e69b307-973d-4832-b1bd-b51a417b6e1f,André Rodrigues Gomes,Nefrologia,2501906
c8f0e951-f925-4ccc-a4d3-e0fa1f775085,Marcos Martins Pereira,Pediatria,4319307
f2c4d2b3-e143-4cde-b28c-0524c7efe131,José Costa Martins,Clínica Geral,5108956
f3543089-11f5-40c1-88cb-43211bff9603,André Fernandes Correia,Cirurgia Geral,2510105
e92facc4-537e-48fc-9a3b-e525b65c646d,Paulo Rezende Almeida,Cardiologia,2704500
59667c64-63c8-4da4-ac94-5aeeff4650bd,Ana Farias Oliveira,Oncologia,5005202
6a950aac-86ce-4cd2-90a1-eaddccaf8389,Maria Almeida Teixeira,Cirurgia Geral,3166907
9e7dbf1d-2791-49ea-9d6e-2d6b5770caa0,João Farias Teixeira,Cirurgia Geral,2308401
21eb8162-3d23-43d3-8615-0107c2bb4393,Bruno Dias Mendes,Neurologia,2203255
7b24afd3-1530-40bd-a72d-bdc9f6518005,Camila Cardoso Souza,Oftalmologia,2202109
fbb6a947-ea5e-4b6e-bf47-36a05568f058,Paulo Cavalcanti Rocha,Nefrologia,2402808
698baa2a-fdcd-4b2f-a7de-756eaf4a6772,Maria Lima Teixeira,Oftalmologia,2310605
093c8496-8684-4470-bd6b-2aa2e46bbd9e,Fernanda Nascimento Cavalcanti,Pediatria,1302603
a61757a4-0d70-4f33-aa70-5412728a1671,Tatiane Martins Farias,Anestesiologia,3550308
c7cac627-75fc-47e0-ac0a-83e7f1b45749,Maria Dias Silva,Anestesiologia,2203206
e44baeb9-0e1b-423b-8370-bd34256a9ba8,Camila Mendes Mendes,Ortopedia,1720259
47ef61a6-40c8-486f-b052-cb5b75826b96,Rodrigo Costa Rezende,Oncologia,2102200
e89d3741-4f13-4058-a2e0-a47d1e975537,José Costa Nascimento,Oncologia,2929008
fe74ab04-4f4c-4a47-973c-cd34f61ae367,Larissa Dias Mendes,Urologia,4101655
aada0344-f4be-4c49-955c-7bbf2b944cde,Larissa Rezende Farias,Dermatologia,2918407
a4b1e15d-7a1c-44f8-8882-7c42fce765c2,André Cardoso Pereira,Urologia,4125753
87da0148-f5c0-4cfa-800d-7ef0a1309c7b,Luana Rocha Farias,Nefrologia,3304557
5f708309-500f-4456-9004-c710c280ca93,Camila Correia Dias,Endocrinologia,3116001
1a64a6c3-d9b3-4bee-813b-b2ec1e696101,Ricardo Almeida Cavalcanti,Nefrologia,1711902
eaf325d8-19ea-4535-8916-00178b692ff9,Vinícius Cardoso Costa,Nefrologia,4303806
23fc1c6b-3daf-4a55-a544-9590e11d1e12,Rodrigo Almeida Pereira,Oftalmologia,4106902
ee494011-8374-40fd-b709-11fda0da2924,Tatiane Cardoso Martins,Endocrinologia,5300108
e0580da5-2cc5-4004-8011-313c459cfe5d,Camila Gomes Peixoto,Oftalmologia,2412609
687739c5-4eb9-48a4-848c-4ce3e535ef86,Camila Cardoso Gomes,Oftalmologia,1718006
7c608e9a-a2ae-4aa9-a6a6-670dd5513e2c,Carlos Costa Costa,Cirurgia Geral,5107578
24c46eff-0cc6-4918-8582-8d50256b437c,Luana Araújo Peixoto,Radiologia,2601706
79283e54-7ce9-4f23-9304-838319bb433c,Daniel Araújo Rocha,Infectologia,4219853
8fb91d4b-acc9-4f64-8f29-3bfa0fccee27,Daniel Dias Lima,Oftalmologia,3304557
f6318bee-8673-44e2-aebf-e549e5ed5c58,Paulo Correia Correia,Ginecologia,3106200
b7216256-7f86-4f25-a8ae-9f29c99bba39,Rodrigo Gomes Gomes,Anestesiologia,2208551
dd02fac2-6d1c-482f-b5e6-98b9c0018ea5,Daniel Peixoto Martins,Ortopedia,3125408
16eeee6e-2132-4fbf-91bf-d33877e69223,João Mendes Martins,Dermatologia,5004809
e918c555-acf6-4896-8b1c-b3b91496466f,Larissa Fernandes Pereira,Infectologia,1720259
fbe8f3e5-9023-4c06-870a-fd0f72c55139,Maria Martins Peixoto,Cirurgia Geral,4319307
7e9d0495-09a5-40d8-baff-4fb21264dfed,Tatiane Pereira Oliveira,Anestesiologia,2706505
283b2521-5b5e-42dc-9bd4-19108e19b700,Fernanda Rezende Rocha,Anestesiologia,4213203
20ae6ae1-3db5-4c00-8311-27e4ecefa2e7,Eduardo Correia Nascimento,Endocrinologia,3540408
2c84102a-8217-4271-b07b-2b12058eebf3,Tatiane Freitas Cavalcanti,Anestesiologia,4317806
7fcfb4ac-fedb-4d0a-924d-f9a312ed94a2,Paulo Araújo Freitas,Nefrologia,2205508
e9284a8a-9df3-4474-b3af-cc59de9c2732,Bianca Rodrigues Gomes,Neurologia,2201572
6b6a8c48-06e0-46cd-a307-5999b140cba8,Eduardo Cardoso Rodrigues,Anestesiologia,4300638
32d4360d-74ce-499e-bfd2-9a9e93b4cb58,Carlos Farias Rezende,Clínica Geral,2106508
332b22d1-b535-4696-bb71-723bccedff9d,Fernanda Souza Oliveira,Clínica Geral,2803708
c691bba2-1e7d-4fd5-957e-5d3f75541300,João Mendes Rocha,Psiquiatria,2508703
76936516-79a6-4354-85f4-fd43eb9857e3,Juliana Costa Silva,Dermatologia,5300108
23baf4a8-a593-4222-9e39-b0827bfd588b,Luana Freitas Peixoto,Endocrinologia,4212239
31237d26-5f9e-4136-9d01-d5c5242d681f,Felipe Almeida Oliveira,Pediatria,2601607
dbda08bb-20ed-46a1-a7ab-1046372e660f,Bianca Rezende Barbosa,Psiquiatria,5205471
192bccc0-a400-4aa1-a5c2-0a5bbc7596a4,Lucas Fernandes Souza,Pediatria,4119202
3cbf9243-1421-486c-bb34-e591ca3ec41b,Daniel Costa Costa,Cardiologia,3539202
3d1b6d20-149b-4d3c-b719-f09f725c9de4,Larissa Teixeira Pereira,Ortopedia,4318440
8be403e5-4267-4230-a58b-2cb639828e2d,Bruno Teixeira Rocha,Pediatria,5215652
acada3bd-7efb-444f-b97f-cd96c716e279,Gabriel Fernandes Rodrigues,Cardiologia,2201572
f64f6e4a-9c1d-4821-af9e-5e531284a3bc,Vinícius Pereira Barbosa,Ginecologia,5210604
05075615-4834-4b12-802f-169430ddfc60,André Teixeira Pereira,Oftalmologia,4319307
ef6e6c7f-9341-4286-bc7e-eb1a48c330c1,Larissa Farias Peixoto,Pediatria,2502003
861fd6d0-fa77-431d-b5c3-8c8388a55585,Bianca Nascimento Nascimento,Ortopedia,1502608
4fc31053-32b5-4440-80db-5ebc17ccef3c,Vinícius Farias Peixoto,Oncologia,4201653
02d4dd03-3cec-4e8e-8597-2089e38be41a,Camila Rezende Cavalcanti,Radiologia,2412609
96ae5514-8a27-42d9-bc3e-4b8829920251,André Peixoto Pereira,Cardiologia,5208905
20120fc3-ff5b-4af9-ad84-442dbbe96b80,Carlos Dias Martins,Cirurgia Geral,2403707
1344675e-dfe2-4bff-ac25-16293c858511,João Souza Barbosa,Ortopedia,2401800
acfcbff1-868d-4e62-a836-2dcd5ae10d7b,Vinícius Barbosa Silva,Cardiologia,2606705
fe586225-4f2f-417d-9f5a-8fe55ffb672c,Tatiane Lima Rodrigues,Ortopedia,3158003
1a6e75cb-5582-4b7e-9b3a-bf683284aaaa,Sofia Lima Correia,Psiquiatria,4213500
a26b5c43-9d0b-4be4-ba1d-a387a0b0c740,Rodrigo Cavalcanti Barbosa,Oncologia,4314456
5c401d88-47dd-47a0-babd-4fdbe3563aae,Larissa Barbosa Martins,Radiologia,2912905
26d75777-c5b1-4e1d-a463-00ac9cdbc422,Marcos Farias Lima,Ortopedia,3156502
472c0e30-5327-4efa-be45-95026a6f1b50,Eduardo Souza Cavalcanti,Dermatologia,1501402
4f198004-0714-4519-b4d9-ffd563cf812d,Felipe Cavalcanti Pereira,Oftalmologia,3513603
16ab166c-7a81-4c3b-88d4-d06dfc0533b1,Sofia Mendes Mendes,Oncologia,4322103
f42f74e1-de7e-4a5d-ad11-453fe458f167,Larissa Rocha Rodrigues,Ginecologia,3555356
eb59fbff-8cc8-4ac3-91ce-81dd829caa2e,Ricardo Almeida Souza,Pediatria,3543402
b2b54dd1-89d0-4d91-9c08-3d99e53e9bc9,André Farias Souza,Ginecologia,4316477
d6dee13a-1947-471d-9600-fad86552f7ec,Camila Pereira Teixeira,Cardiologia,2101731
be7e557f-43f3-405a-b35a-ed8c08719511,Bruno Rodrigues Correia,Neurologia,2610004
68ca77a2-a39d-4b7c-b9a9-2f03088e1b2a,Patrícia Gomes Lima,Neurologia,5221197
aeda1565-16e0-43fd-b33d-13f1d6777a63,Daniel Gomes Souza,Cirurgia Geral,1303908
829ba64e-9958-4e23-a4d5-586d0f51b89d,Daniel Araújo Rezende,Cardiologia,2201572
76fb9072-f772-4b7e-bf96-8933a09ec844,Rodrigo Souza Silva,Cirurgia Geral,2410207
92bcc210-5330-4f36-be15-2093e6bbc55a,Lucas Silva Cavalcanti,Neurologia,1304062
071bfa41-ae3c-4621-a987-4cb1e4a0b035,Sofia Rocha Lima,Infectologia,4314159
a370c593-1f0b-4223-a71e-dea4d0bc420f,Camila Souza Farias,Oncologia,3533809
d27939bf-3168-45d7-8b94-705051e6bb45,Fernanda Silva Nascimento,Oncologia,3543006
ebc4364f-e529-4517-a7ed-a923ebcb5401,Vinícius Silva Fernandes,Psiquiatria,1303908
0031e7c7-8257-44ba-a9ff-2121d750c49a,Rodrigo Freitas Almeida,Dermatologia,4306130
ca97f66d-cb26-4450-a619-e767b0a91eb7,Juliana Gomes Cardoso,Pediatria,2313807
f103e44e-c9a8-462a-8861-209f348ac008,Luana Peixoto Costa,Dermatologia,1303908
914dacf8-b646-4db8-b6ce-4649f678ea3c,Felipe Rodrigues Oliveira,Cirurgia Geral,4309159
802003bb-640e-40cc-93d4-8143da68b28e,Ricardo Barbosa Freitas,Urologia,5201405
79fd359f-ecde-494a-8b64-c8d2dea86aa1,Vinícius Farias Rezende,Infectologia,2803005
d4515d50-9064-4f23-95ab-eea0a893e698,Marcos Nascimento Fernandes,Oncologia,3554003
b31d995b-2160-46eb-a1d4-1749c5b838fe,André Silva Rocha,Psiquiatria,3500501
1528e630-4174-4eb3-838e-c768fbfc33cf,Bianca Nascimento Araújo,Nefrologia,3525409
1adfeefe-79a4-4940-a7b1-bf15ffcfe16a,Vinícius Martins Mendes,Oftalmologia,3518800
03a83489-aa6b-483c-885a-557cfbcb5534,Sofia Teixeira Gomes,Infectologia,5004601
c516d498-0f71-4c3d-932f-9b6b2dd77fa2,Sofia Mendes Nascimento,Oftalmologia,2922730
50d60304-cca6-4e04-b842-739fa4438610,Bianca Dias Pereira,Infectologia,2105807
14d1c501-4e8a-440c-be84-3413cf74bc23,João Rezende Araújo,Ortopedia,3303955
f119e969-9fcc-4c8f-a673-90ba01d59dca,Paulo Silva Rodrigues,Dermatologia,3154705
2796a4f6-bdea-4b1f-9899-56fa031740ad,Fernanda Araújo Araújo,Dermatologia,2513802
f9df71d6-7c76-464e-8097-ef538b849c0b,Gabriel Almeida Silva,Psiquiatria,3511102
8701a5ee-2bb4-4756-8759-b5c5c666f5ff,Camila Rezende Cardoso,Oftalmologia,2515930
b6e457da-a072-46e0-be7a-3cc7249d8366,Marcos Correia Dias,Ginecologia,3103009
0a80df1c-8b36-46e5-8798-d758d7b5be74,Bruno Souza Cavalcanti,Ortopedia,5201405
15f85f2d-c230-4e77-9b1e-e36bd49d6c99,José Peixoto Martins,Ginecologia,5208707
f04917d9-d413-438a-aaa0-30d8e413cee1,Marcos Oliveira Cavalcanti,Ginecologia,3533205
b4c327a4-9089-4e3d-a517-cdee9ad92fa3,José Mendes Rodrigues,Neurologia,2201572
c5485510-cc50-4289-a8ac-87e4a14ae3b3,Ana Fernandes Cardoso,Neurologia,4319307
38149bce-b2cd-459f-b658-6bbf86c86062,Paulo Pereira Fernandes,Neurologia,2410405
c43e352c-8845-4cca-9d46-51fb7e949077,Ana Cardoso Nascimento,Ginecologia,4118600
f5347713-6dbe-4e5a-b7b5-4867965921d9,Tatiane Martins Freitas,Pediatria,2410405
fc68f2f9-a541-42e0-8768-4490f5038aca,Bruno Nascimento Araújo,Infectologia,3204658
e8716c2d-76f5-4638-abf8-9d2f1f12e072,Larissa Rezende Araújo,Cardiologia,2602506
9562af27-3508-4b7c-83c6-e21dc2127a59,Bruno Gomes Correia,Infectologia,2201572
43efb114-4147-4241-b71b-aa345b8ff27d,Larissa Martins Cavalcanti,Nefrologia,2310951
057cdfcb-3cb3-49ed-bf58-c55d3144c6b0,Camila Martins Rodrigues,Anestesiologia,1703206
d8acc55b-93e6-4e76-b927-2f9ee3871454,Fernanda Costa Barbosa,Psiquiatria,1302504
b39146eb-9861-4992-8bd9-6f6e4ae1c0c5,Bruno Souza Rocha,Neurologia,3144672
43f24e51-49b1-4e9a-952d-f6c33805936c,João Martins Martins,Cardiologia,5208707
8d54a5a4-01da-4eb6-8ef1-ab69701927dc,Ana Peixoto Rodrigues,Ortopedia,2308807
3ec3d367-3466-4e34-ae55-408371a0c18e,Felipe Souza Mendes,Oncologia,5221577
194666ea-6884-479a-a68b-31c27a496e08,Luana Dias Almeida,Endocrinologia,2412609
24eb53e2-ad67-4ee3-9bc9-2281f9e578c7,André Fernandes Rocha,Pediatria,2705804
91e70a9e-e218-4ca6-8d2f-ff9c4149f69e,Paulo Mendes Cavalcanti,Oncologia,1505486
52f35bec-3bef-478f-bae6-9cd4c542217b,Fernanda Fernandes Rocha,Pediatria,3201308
be942f05-7211-44c3-847e-a294d5d2d8c4,Lucas Souza Cardoso,Neurologia,2509503
49bf904b-721f-4854-b699-dc7f4b7fda8c,Luana Freitas Correia,Ortopedia,2412401
95ad6737-dbfe-4232-87fa-b05a7df2998b,Eduardo Almeida Souza,Radiologia,3163102
ee6a17c1-7505-4b16-b1fa-2f6e63ec15bf,Daniel Gomes Souza,Cardiologia,4216602
97b6dba3-bfc7-4d87-bebd-873bc59d27e1,Larissa Dias Rezende,Urologia,5211800
da13540a-b621-4e0d-ac3d-a9c5685dc097,Felipe Cardoso Costa,Clínica Geral,2208551
eaa0438b-d91a-4c23-bac3-d4c12531b87a,Daniel Dias Rodrigues,Clínica Geral,3547809
787b00b2-795b-48b7-8bd0-b5e18b2405d2,Bruno Peixoto Almeida,Ginecologia,2607406
a0a83833-b612-4eff-9fd7-873c0a6314af,Vinícius Cavalcanti Correia,Psiquiatria,3120706
9e8be15d-8f66-4408-9331-16bb8a80387c,Eduardo Nascimento Fernandes,Cardiologia,4112108
1ee85977-c6fe-48ca-8524-e8563c87a21b,Ricardo Pereira Teixeira,Psiquiatria,2304400
6e49c03e-b64f-4a99-8575-a28f5ec27a45,Marcos Souza Dias,Ortopedia,1504976
47272edf-50d3-43b6-9e2a-5cdc931c363b,José Farias Rodrigues,Clínica Geral,5201801
3d011916-179a-4327-ad42-410f805aca32,Bruno Teixeira Costa,Nefrologia,2704104
3d488e12-0b08-43df-b66a-b1954f536142,Bruno Martins Martins,Pediatria,4310330
258333b5-d0a5-4f93-8464-a5528d11f563,Bruno Silva Rocha,Clínica Geral,4207759
3d4f58d4-dd41-4706-80f1-9d5ca6a979cf,Patrícia Rodrigues Cardoso,Neurologia,1501402
bc6192be-333e-4076-a487-8042d54ce0e5,Carlos Rodrigues Gomes,Cardiologia,1708254
a2f5e79a-300b-4377-9023-a1d7d8680b53,Marcos Freitas Araújo,Endocrinologia,2412609
4f9894dd-650c-4d6a-a77a-2e5e5eaadcb3,Maria Lima Nascimento,Infectologia,3158904
4facf030-bf5c-44f5-937a-1d1b593c413f,Ana Peixoto Teixeira,Dermatologia,2112308
8a6045c3-6a77-4495-a722-74805d57cc10,Daniel Rodrigues Pereira,Neurologia,4113007
649af09d-c8d9-4024-baa8-deefbcd327a0,Lucas Fernandes Silva,Urologia,3550308
f17e1ab0-acd7-4d10-9cc1-7a2760c7622d,Daniel Mendes Araújo,Urologia,3507308
d0df9615-3728-4ce4-90b9-564f8b6fd45d,Lucas Oliveira Correia,Oftalmologia,3129905
3119b1da-0292-4804-8641-60d49b1e3465,Vinícius Correia Lima,Psiquiatria,5106778
080231cc-3c6d-491c-9b30-8982054755e6,Bianca Freitas Fernandes,Neurologia,3144672
5e3ae3f6-507d-4cfb-b5b3-3cee4a4d6ab3,Tatiane Cardoso Mendes,Ortopedia,2405603
ac58b1aa-32a8-43f7-8196-652a9725e17c,Larissa Correia Almeida,Ginecologia,2514503
0fc3f6f7-d429-4675-bad7-10b25977a5e7,Rodrigo Souza Rocha,Infectologia,4215752
33ddcd67-6417-4c62-ae97-57d70a960cf5,André Oliveira Rezende,Clínica Geral,4314902
5058a815-d556-4633-9803-1058961a160c,Sofia Costa Peixoto,Ginecologia,4319307
aaaf0c0f-f44b-47c1-9e04-bb3ef26166cc,José Dias Dias,Neurologia,2111706
af0f92a7-1e44-4fcb-a1d9-34358d15ec35,Sofia Cardoso Peixoto,Dermatologia,3114105
01a5a70a-9ce7-41fb-92b3-3b236465ce02,Felipe Costa Gomes,Oncologia,4100400
841cc6e2-aa43-41a4-80a8-8390ee7e0c09,Paulo Farias Rodrigues,Pediatria,2105153
c2b30714-c1fa-4a4f-94a6-4da78ed04b2f,Tatiane Freitas Gomes,Anestesiologia,2502003
84e1a59c-bb19-4779-a91c-d4e8ca22c5ce,Eduardo Fernandes Gomes,Pediatria,2511400
0a9b8183-7793-4806-867a-ef0aa4678b80,Carlos Peixoto Correia,Psiquiatria,4201273
6875f1d6-3f95-44fb-82e1-20e74605831c,Fernanda Correia Fernandes,Neurologia,5218904
4818db20-c2ac-49ee-9f62-081d2c65fd8a,Gabriel Mendes Gomes,Infectologia,4319307
c265595d-e7cd-4426-9a29-6368210d8d8a,Marcos Fernandes Dias,Cirurgia Geral,1720259
7617d386-e3b6-42b0-bbe6-be5b8832630b,Vinícius Silva Rezende,Pediatria,2916708
295853f0-6efd-4176-9b4b-fe88214a8ac2,João Gomes Freitas,Clínica Geral,3550308
e7111fb0-65a8-435b-be1c-738448784093,João Almeida Mendes,Radiologia,3117405
8420c1ef-d07d-4c1a-aa91-37da02e74204,José Martins Cavalcanti,Dermatologia,4313953
6814ed5d-4ec9-4257-b680-429c3647303c,Lucas Dias Freitas,Ortopedia,3158904
459c15ca-b8ce-4295-bf3f-2ebbbee8b43f,Felipe Fernandes Souza,Dermatologia,3538600
84b7975c-9a21-45f6-b037-e73c7d696bec,Camila Nascimento Souza,Infectologia,4105201
5db06da9-f37d-446b-8b67-1f32d9fcf3b8,Paulo Mendes Dias,Cardiologia,1303908
b92174a4-c924-4ff4-90f1-eaba234d64a5,Eduardo Martins Cavalcanti,Oftalmologia,2208551
ad15c97b-183e-4f9f-932f-6f33f6b0a331,José Gomes Cavalcanti,Clínica Geral,1501402
c7d03541-2483-495f-b96c-7672085a1ef5,Gabriel Rodrigues Cavalcanti,Oftalmologia,2601508
56634db2-2612-401b-84e8-323eb816f17f,Sofia Cavalcanti Barbosa,Endocrinologia,2412609
fd521920-9cee-4f39-914c-bf45131c5975,Ricardo Araújo Pereira,Urologia,3527009
a473c42c-336d-4e2e-b23e-5ad0341f6e90,João Rodrigues Araújo,Neurologia,1303569
4f2a57f3-22d2-4ac5-a66e-d93339484bda,João Pereira Oliveira,Nefrologia,4316501
ab28ce64-7a2a-4206-ae96-20cfa3211d6b,Eduardo Fernandes Teixeira,Cirurgia Geral,3156452
efa631a8-b8af-4562-82c6-b5abc1454ccb,Marcos Farias Mendes,Radiologia,4318804
7ed346bd-c3a1-4ef6-9071-4196116bce25,Gabriel Araújo Freitas,Infectologia,1508126
a8caf7e2-b8ee-4d62-b6e4-4aa21a02f8c8,Lucas Rocha Gomes,Neurologia,3520202
30a1cee2-1eb0-456c-98f9-e3218b5e5e6c,Bruno Oliveira Dias,Anestesiologia,2918407
8ac510d1-2218-4c6e-b033-498621d29071,Maria Cardoso Silva,Urologia,2202109
d513004e-cba0-44ad-b187-e2f224b1963f,Ricardo Pereira Freitas,Clínica Geral,5216007
1d624cfc-464a-4a52-828a-f47298f2c81f,Juliana Cavalcanti Cardoso,Neurologia,3144672
92a9862d-ead4-495a-ad16-9183902f72e5,Tatiane Peixoto Barbosa,Cirurgia Geral,2502904
99166d70-e0d5-4ccc-8042-0965ac254171,André Farias Rocha,Cirurgia Geral,1720259
f9b49748-2a42-4482-b906-25e9a9e998bb,Felipe Oliveira Barbosa,Cardiologia,2512101
229cb220-fbf9-4030-9d2b-03fffa299bd6,Daniel Lima Freitas,Endocrinologia,2209203
e7ee709c-bae8-4970-82cc-941be53968fd,Ricardo Dias Oliveira,Neurologia,1702901
0b4d2be3-dd75-4464-ae99-7aaa5b0fd063,Vinícius Rodrigues Mendes,Nefrologia,2202109
894c9905-3d6e-4519-bd2f-78eedde6d2d6,Ana Cardoso Silva,Oncologia,3167103
57bb586a-d9b4-40a0-9938-5bc0c4c11473,Tatiane Almeida Correia,Ginecologia,3155207
54e9cea4-30e9-4d2e-8b25-0ba462c8d954,Patrícia Silva Lima,Pediatria,4305108
49e09c8c-5d89-4571-873a-d57620fe5f80,José Martins Nascimento,Pediatria,3114204
6b5e1b84-2a0d-4641-8119-2e3fbfddb7f7,Bruno Cardoso Nascimento,Clínica Geral,2506806
b8a57f6f-aa3b-47ff-a7e2-e03ec4e1e5f1,Bruno Fernandes Dias,Anestesiologia,2208551
fd931c7d-a08d-4029-adfb-ff34b682c680,João Rodrigues Mendes,Nefrologia,2601607
32a52e1e-6cff-42aa-b152-5fcb306ddaf1,João Fernandes Almeida,Cirurgia Geral,4303806
eed37fd4-ac69-4c66-a426-fca4d5ee35fd,Felipe Costa Araújo,Clínica Geral,2211001
b10d2026-0bb0-40cc-a5a2-8445ec32cc22,Carlos Barbosa Cardoso,Oftalmologia,2311108
3f0e8ad5-d486-4c37-975c-dbe42ec6bcfe,Carlos Dias Cavalcanti,Infectologia,3147709
bfcdc7c2-5a2e-4ca6-aecc-2fb0501c7740,Gabriel Farias Correia,Radiologia,3301108
23d18b64-b816-48d4-bd25-d8e77d0706d9,Carlos Fernandes Peixoto,Dermatologia,5208707
c3f41ef0-7bc1-47ff-ac51-825e1a805df2,Carlos Fernandes Silva,Cirurgia Geral,2313500
dc5eb3d4-ac31-493f-a654-22c9460eb8b9,Ricardo Fernandes Pereira,Psiquiatria,1507961
c4c9d4ed-19ec-4d27-a80f-fdd7e1a1266e,Maria Freitas Souza,Cirurgia Geral,3157401
b412c9bd-b554-410a-b395-f23eab7c0579,Patrícia Araújo Rocha,Nefrologia,4115200
8b97320b-1b2d-4a68-8bde-eecf0161b318,Marcos Martins Araújo,Clínica Geral,4123824
4ff3a503-97d6-46f4-8969-db0fda9822c9,Paulo Dias Souza,Psiquiatria,3543238
b98ff249-190a-4bb2-9300-ba074e79fec7,Fernanda Teixeira Peixoto,Oftalmologia,4314902
2611e2a3-e9e0-4f35-af8d-14151a0fdd51,Ricardo Cardoso Nascimento,Ortopedia,1303908
ef757523-1c3d-4c94-84d3-05be5f4a9d8c,Lucas Mendes Teixeira,Ginecologia,3550308
c6faacd0-a783-455a-90f9-3d0c3fab0483,Vinícius Teixeira Souza,Oftalmologia,2111532
5f910668-5c0e-4f39-a140-1b0aac33cd90,Vinícius Rezende Fernandes,Oncologia,2502003
bd97ceda-a8dc-41ca-a80e-d61e945fab36,Bruno Freitas Teixeira,Urologia,1303908
83d25824-4d13-41f8-b545-cf8475dd5227,Felipe Correia Freitas,Urologia,3550308
6345936d-fd3a-4526-a102-62a901538f5a,José Peixoto Cardoso,Neurologia,4314902
7ea77c8e-152f-428b-9f8a-ae21b2102259,Fernanda Almeida Teixeira,Ginecologia,2404705
e3c08712-93d0-4484-ae92-1aa92e1c9bd9,Marcos Farias Lima,Oftalmologia,3508405
ee504396-bac8-40da-a415-9b5037e7a706,Juliana Pereira Rodrigues,Cirurgia Geral,3304300
c92130f6-9140-45ea-9f43-6b87b6a17cbf,Daniel Farias Nascimento,Cardiologia,2502409
e5e41b67-ca92-41fe-b88c-608b082a9404,Marcos Freitas Teixeira,Oncologia,2502003
58c3449e-c6a8-4b5d-b1c7-09158b39f2fa,Fernanda Rodrigues Teixeira,Oftalmologia,3144672
2f333581-0a00-471c-94e7-edbaea454c3e,Felipe Oliveira Teixeira,Dermatologia,2502003
91f6585e-5844-49f9-9fee-55a242a5f38c,Daniel Rocha Cavalcanti,Radiologia,2208551
b5ad1061-aed3-435f-835c-1333504ea4a8,Marcos Teixeira Silva,Endocrinologia,2304400
cf5fcb51-c519-4f20-94d6-612fd49455a8,Daniel Pereira Lima,Infectologia,4117107
f1825739-a182-4ad7-b880-a83db91ba8a4,Ricardo Cardoso Nascimento,Oftalmologia,1600154
af0ad659-a9e8-44bd-a111-13a123d434fe,João Rodrigues Teixeira,Pediatria,4315750
de0eedf2-d1c1-4f17-9d88-47c3b853134f,Paulo Cavalcanti Peixoto,Pediatria,2208551
0a48ece7-2d88-4993-8d00-fb1b2d818282,Patrícia Fernandes Rocha,Nefrologia,4204806
6c3df337-4c9f-48b4-8064-2ffbb4972aef,Bianca Farias Rocha,Ortopedia,4302451
b12835af-677d-44ef-abca-8f958baffb42,João Gomes Farias,Oftalmologia,2301950
739ec177-a491-46ff-b7d7-c39b606821da,José Freitas Barbosa,Cardiologia,2301703
03ce435b-629f-4f57-8110-d972a6f3e970,Juliana Costa Cavalcanti,Endocrinologia,4323101
afb813e6-4e83-4a8f-b2cd-d81cc3594d75,Marcos Cavalcanti Souza,Ortopedia,2412609
7c70a29d-8a8d-4bb3-b513-cef1fdadff5a,Ricardo Teixeira Souza,Endocrinologia,2700805
cc17d157-1f7f-4ad9-a7e0-c1044babcc44,João Souza Pereira,Dermatologia,3203007
0796d77d-621e-4a41-bf66-4eb7a8aaf60f,Maria Silva Fernandes,Dermatologia,4106902
c2da213b-59e2-496b-8524-be8017f35c99,Tatiane Lima Freitas,Neurologia,2106375
339590eb-426e-4b1d-b5e5-fe036c8b40c8,Daniel Costa Dias,Cardiologia,2609600
314b6aa8-4caf-46f2-8e17-6a81610d1529,Gabriel Rezende Dias,Oncologia,2208551
bdcb508f-c8b0-44cb-b39e-8d6946cba155,Lucas Cardoso Cavalcanti,Endocrinologia,1718006
e8d8383d-f617-4d96-ac10-52bfbbf95c74,Lucas Dias Nascimento,Pediatria,5107198
56f6597c-3c47-4c3d-9d47-52fcf974e49a,Patrícia Cardoso Gomes,Oftalmologia,4309126
11f8c5a8-4785-47cf-b131-592be5c001f5,Camila Cavalcanti Farias,Cirurgia Geral,3112406
5a62b2c5-508d-43e4-94d3-a9848c7b62d6,José Fernandes Rezende,Cirurgia Geral,4306908
b1cda5d4-405e-4b64-9c1d-b72e42eb37ae,Larissa Peixoto Farias,Endocrinologia,2106003
bf7c9425-a03c-4815-8633-75b4d6e38ab5,Bianca Pereira Araújo,Clínica Geral,2412609
2ba1f93a-180e-4eac-8512-b795fbe71b82,Paulo Farias Costa,Ginecologia,3124807
2dc0c70d-0549-4bf3-868e-18814c6d4b4b,Lucas Rezende Fernandes,Oncologia,3543006
bc448432-48e5-4097-99ba-04c93d303a47,Gabriel Costa Martins,Anestesiologia,2927408
ee6a8067-1a91-474b-85fc-133f6f1d069c,André Teixeira Lima,Cirurgia Geral,3304904
53b51f38-41b5-43d9-bc6a-30f134a2d5c6,Juliana Cardoso Oliveira,Endocrinologia,2202109
b24fa050-e49f-4d29-96d4-72bb22d0283c,Carlos Farias Lima,Psiquiatria,3546900
b3b7a529-69c8-4a4c-a9d7-899f3345cdb2,Bruno Silva Freitas,Urologia,4220000
f3305b48-368f-4766-b54d-26c3ba3408a8,Eduardo Cardoso Almeida,Nefrologia,4306551
753b600b-e4c1-458a-923b-82d635c0bef4,Ana Teixeira Mendes,Infectologia,3147402
9fa77565-d331-4a92-b7eb-4b43666eb0c1,Rodrigo Rezende Nascimento,Neurologia,4316477
ba978b54-d4cc-47ef-a3de-38072a2bc288,Ana Dias Martins,Urologia,2604809
5a0778c7-aef8-4158-9348-d705850d3905,Fernanda Dias Nascimento,Ortopedia,2406155
d47e3397-c540-45b1-8c31-60335e1c0c18,Felipe Farias Gomes,Dermatologia,5007901
ff680e9c-5a88-42ac-b840-a7e6261a0728,Daniel Fernandes Rodrigues,Oftalmologia,3202108
4148374e-a483-41dd-91f7-51dd723e9a91,Felipe Peixoto Rodrigues,Ortopedia,5107701
c503fd29-008e-4c9e-ba4b-76cc951a8a54,Camila Cavalcanti Almeida,Ginecologia,2601508
7a435cc6-5c90-4dd8-a557-bcdc9d4561a9,Paulo Almeida Dias,Anestesiologia,2208551
397a6498-eece-41e3-8c19-2955287fe3e4,Patrícia Rocha Martins,Oftalmologia,2306009
f1d5cf38-8fff-48f9-971c-60080c576e26,Sofia Mendes Cardoso,Ortopedia,1501402
c01c1bc4-a5e7-4e19-a286-f24312200fb7,Bruno Rezende Oliveira,Cirurgia Geral,2208551
b337b617-37dd-443b-86b9-318b7e05e8c5,Sofia Freitas Barbosa,Infectologia,4218400
55025787-03ac-4225-b38f-67db685100f5,Rodrigo Cavalcanti Mendes,Cardiologia,2905008
eccd475e-f0da-4a90-ad3e-bb0018f8dbfc,Juliana Rezende Teixeira,Pediatria,2612604
fc180186-5248-4658-96ce-70ed49efc9e3,Marcos Cardoso Martins,Clínica Geral,1505502
e8a4fcd9-0482-4168-99b9-fcd26503c1ea,Marcos Correia Mendes,Infectologia,2924108
1da687f4-e547-4ed5-9905-f5e6b60469ed,Daniel Rocha Araújo,Clínica Geral,1501402
d26c7261-e2e9-4778-a33d-72d35ffcb1cb,Luana Freitas Lima,Cirurgia Geral,2106755
c9582a37-cc78-4249-a0e3-12ab549eae9e,Eduardo Correia Costa,Infectologia,4319307
4245c414-d71f-43ee-b24f-4b32d527a520,Vinícius Freitas Dias,Ortopedia,5100508
e820cef1-e40c-47a0-8cc2-eb3e7624a946,João Cardoso Souza,Endocrinologia,1718402
d9e36061-d555-4ce5-b5d0-cba1a87978e1,Daniel Silva Teixeira,Anestesiologia,1501402
82879b23-5482-423f-850d-dae1ba763a6b,Patrícia Martins Almeida,Urologia,3157104
37a1c545-f228-42ea-9889-64d8defd1077,João Almeida Araújo,Psiquiatria,3553906
db659efb-3ca1-4149-8719-543aa3d4b111,Camila Peixoto Silva,Dermatologia,2502003
4a7a8d4d-fa7d-4915-8396-28a84d440579,Paulo Cavalcanti Silva,Cirurgia Geral,2403509
7fb02483-6ca6-4f2c-b399-b0ef1f697478,José Araújo Rodrigues,Clínica Geral,3134806
e7001844-78f7-478f-b4f0-289b278d3b27,Vinícius Rodrigues Barbosa,Clínica Geral,4213104
1e0fe68a-86e0-4cdc-90c2-f0bd551a9bcf,Marcos Rocha Rodrigues,Neurologia,2413904
05a29040-cb41-4c1c-8d35-b95cb7d271c8,João Pereira Gomes,Ortopedia,4302709
3f6ab44d-9f1f-4078-aa91-e9127ef0a4e5,Ricardo Barbosa Oliveira,Cardiologia,1501402
271dfa54-5da6-45a8-a62c-937a83c81b5d,Marcos Martins Cardoso,Urologia,3106200
196fa4e5-d447-4eba-adbb-fd467d9a93be,Marcos Almeida Costa,Radiologia,5201801
054305f3-d4c4-4959-bc3a-6bf756761752,Bianca Lima Rezende,Cardiologia,5201405
f0409a82-bc22-400c-b02b-09b7ce68c2bf,Vinícius Farias Farias,Endocrinologia,3150901
240526c1-a00e-489a-a987-5cce29c800ec,José Almeida Almeida,Neurologia,2611804
5d55bdf7-8bbe-4c32-8924-4686faf7a69f,Luana Cardoso Gomes,Psiquiatria,2906006
df919a4e-6a42-4c4a-9ed6-d3acacbc85bf,Maria Rocha Martins,Infectologia,4311908
a4ce4fab-de3c-49f3-a4fd-ed70a10c80e1,Vinícius Silva Rezende,Anestesiologia,4316477
4b64abea-a377-4996-9244-360477e30107,Daniel Cardoso Freitas,Dermatologia,3144607
0f41219c-0d70-4548-b8a0-8c4478595ee6,Ricardo Dias Correia,Ortopedia,3166204
1732473d-24eb-42aa-b912-2dc77d2db4d6,José Almeida Nascimento,Cirurgia Geral,4213104
75c359ca-f3c1-4ad8-b395-9e5ba893743c,Maria Oliveira Souza,Infectologia,3162401
33a96e1a-435b-4e7d-827f-ff815912696c,Patrícia Freitas Cavalcanti,Ortopedia,4310538
6ec35807-0d8a-45d6-8b65-1fa80b6a18af,Bruno Silva Cardoso,Oncologia,4314902
5d5f26e2-80b6-4e7b-baee-0adad275d83c,Gabriel Almeida Costa,Cardiologia,2903409
806d87d7-7ff1-48f0-ac43-e7c3f1672262,Felipe Freitas Correia,Nefrologia,4215208
44f76b55-1a8f-4e64-a34b-bea31e8557a1,Fernanda Barbosa Mendes,Ortopedia,2600807
f9807938-bc94-449f-933b-bd813ebe1449,Gabriel Araújo Pereira,Nefrologia,4303806
f715ea7f-522a-49bf-9a17-5ffec9cb5ad5,Rodrigo Souza Rocha,Nefrologia,3127057
54be3dcd-3466-4028-af34-c525539acd87,Felipe Rocha Farias,Ortopedia,2927408
d45896d8-e5e2-44de-88a8-715fe5f70e84,Juliana Martins Peixoto,Clínica Geral,2206753
d1a9ebd8-1c07-4a60-8e69-80338202a990,José Dias Pereira,Oncologia,2303006
8768e5aa-aa94-408a-8e41-adf5c3f2c6ef,Juliana Freitas Cardoso,Infectologia,4303806
0b388f3f-8508-43fb-953f-5dacc34adbbd,Bianca Freitas Barbosa,Cirurgia Geral,1708254
505af54a-c1ee-4579-9860-1483afa67729,Felipe Freitas Peixoto,Radiologia,1304401
1d2e98cc-2819-4054-965b-83ff28189756,Felipe Rodrigues Almeida,Neurologia,2106904
9fce25f2-0ad4-4067-817f-d8901eb621bb,Sofia Almeida Almeida,Psiquiatria,3102407
c00f4f06-8207-4dff-8365-9a818176fad5,Daniel Peixoto Freitas,Endocrinologia,2408102
e81dffc7-5f0a-4c65-adde-84c4f01323dd,João Souza Nascimento,Clínica Geral,4314902
bbcd9aab-9ee9-4128-8f6f-a991e597a06f,Camila Rocha Cardoso,Cirurgia Geral,3144672
64a51757-6780-4342-9e41-5281cba1d2c5,José Fernandes Souza,Psiquiatria,4204806
9412a0cc-14cc-4238-bffd-970258d3a8e0,Sofia Martins Cardoso,Ginecologia,3554953
b7213f34-bf12-47ff-94da-9985413285f5,Juliana Mendes Correia,Cirurgia Geral,2930006
f4719c3d-eed2-4a74-a8c8-f9210086165a,Rodrigo Souza Rocha,Ginecologia,2201572
5eb46867-e20c-4ef5-8b89-b265ea4508f5,Luana Almeida Mendes,Dermatologia,3550308
9f420621-5d5e-47a8-a06f-54a805c40dd0,Patrícia Almeida Pereira,Dermatologia,3160702
f1cc7207-861b-4f3b-bdba-33c40936ee02,Lucas Freitas Rodrigues,Cirurgia Geral,5106778
b69d8de8-1f9b-427d-b677-984ef6651e2a,Ana Nascimento Gomes,Endocrinologia,1720259
571f43a6-26e6-4e63-9843-8faca79ecf1e,Paulo Cardoso Dias,Pediatria,4314902
068d8b62-ad53-4fd6-b07d-54a0d3398368,Juliana Cavalcanti Costa,Cardiologia,4216206
d9e651d0-b0e0-45f4-a20a-f37a2f999814,Ana Farias Pereira,Endocrinologia,3117405
94300abb-d6b1-4fe8-a652-b9f66cba7050,José Dias Rocha,Cirurgia Geral,4205431
8efd2c54-b3b4-4dfd-a7d9-607ddec6cefd,Larissa Rezende Teixeira,Psiquiatria,3540903
dfe608ca-4ae2-4a00-a409-cc79d3c9b9a6,Lucas Cavalcanti Araújo,Neurologia,3553658
1dcde746-79dc-45f2-8381-7b23e25aa7f7,Ana Araújo Nascimento,Ginecologia,4313425
dc41cb4f-d220-4bc8-8f62-87eb7fae8960,Eduardo Peixoto Farias,Ginecologia,2904001
1976e175-82f7-47f0-84f1-41c81e7cb60d,Lucas Dias Rezende,Oftalmologia,4314548
f83392c2-af66-47ec-baba-01b813cbf46c,Larissa Pereira Mendes,Oncologia,3513900
08c2ae74-be6e-4ff7-a9a4-ab63d4b3c3b8,Ricardo Cavalcanti Farias,Ginecologia,4106902
8a16efbd-f2c7-4317-b963-5d411c1e0d3b,Maria Teixeira Silva,Cirurgia Geral,3159001
775f32d8-cd28-4328-a811-273cd798cb59,Larissa Gomes Pereira,Cirurgia Geral,2929909
e87198b1-5086-4259-9f7d-a933f0cc8913,Patrícia Gomes Martins,Oncologia,2412609
59cc7635-1a9d-44d2-8663-786574a00af4,Ana Farias Martins,Dermatologia,2705705
07e6e63c-191e-4ae1-aed3-72abf98cd0e7,Juliana Gomes Barbosa,Anestesiologia,2501906
073d0dff-d205-4e71-9374-3d5cc071cf84,Carlos Rodrigues Dias,Clínica Geral,4107850
6c58266f-8e45-4ba7-9ec1-5f3fb38521ce,Ricardo Cardoso Peixoto,Radiologia,4211603
743e3058-dc53-45aa-9cbe-6af3a306bc4a,Felipe Dias Correia,Cirurgia Geral,2708006
b9a08e9a-0752-433e-82d6-fbca61930e0f,Larissa Rezende Lima,Nefrologia,2907608
33d8ad4d-3153-4a04-91c5-bc5ce0756394,Camila Almeida Mendes,Cirurgia Geral,4312609
f6767cc9-200f-49e3-b944-7908b003c959,Patrícia Barbosa Rezende,Ortopedia,3149507
90d22b80-94b6-47eb-9303-3e1abf57f0a9,Daniel Pereira Almeida,Ortopedia,3113602
68fcc480-710f-4b94-aca4-f43fa5005485,Daniel Souza Cavalcanti,Dermatologia,3518800
47bb7dc6-34f8-4511-a2f6-7a86aec08c76,Paulo Barbosa Fernandes,Anestesiologia,1304260
7df40cca-e84f-4f03-9cf9-e8ee4722e235,Sofia Dias Martins,Radiologia,4123204
5245bd2e-b2a7-40e3-9ee1-06768705bb1c,Sofia Freitas Gomes,Dermatologia,2107605
67af6645-2f36-42c4-a4cd-e76bd24a08a2,Larissa Martins Rocha,Pediatria,5212907
7f554c9a-9b95-4d99-9055-37a82f47df07,Luana Souza Gomes,Psiquiatria,2608404
01a90095-382f-43ce-8c95-f6fd3dc54951,João Cardoso Lima,Radiologia,2304707
34388a64-b33a-45a1-8fa1-bf2972bc6ec9,Ricardo Correia Rezende,Oncologia,4316501
afe07ecd-3645-46db-85e9-aaed9b87bc2a,Felipe Fernandes Freitas,Ginecologia,5219209
3aed5be5-2697-4936-b898-56d6904f4b79,Bruno Almeida Fernandes,Nefrologia,4202073
d17fa173-fb08-4277-88a8-df902a63cb06,Felipe Peixoto Costa,Pediatria,3131109
cd1e380a-5f6e-4abf-b22a-986c6331662f,Patrícia Teixeira Souza,Urologia,5201405
eb921ee7-2391-4cd3-a52c-a60382c1538f,Felipe Araújo Rezende,Ortopedia,3557154
f3acdb86-834d-404e-b207-320a8eae964e,Sofia Oliveira Cavalcanti,Oftalmologia,4204806
e7dcf5f7-29c5-444d-a791-7b8e1f96d7e5,Vinícius Farias Martins,Ginecologia,4316501
bbab7df5-b7ce-45fc-9986-f4f5696a3a3a,Larissa Teixeira Barbosa,Infectologia,3144672
8f9274a4-6e37-4a00-934f-475d5f49226f,Sofia Souza Rocha,Pediatria,4119905
bffdb3d3-3c20-4931-be4d-21a818abfc3a,Fernanda Oliveira Souza,Psiquiatria,3141702
9281d7db-b692-4071-abfa-8f202f29f31d,Larissa Oliveira Lima,Cardiologia,2922102
c3daa7a5-4ecc-49e2-becc-8764a0174740,Maria Martins Mendes,Endocrinologia,4205704
d3c4e2a8-45cf-4734-8411-b4381e461845,Lucas Pereira Lima,Pediatria,2104107
8074059c-7324-475a-b8d4-5086ff84bdf6,Fernanda Oliveira Rocha,Dermatologia,2801207
c1e1e7fa-6a73-4ac9-beb5-85e81ae087c7,Sofia Peixoto Oliveira,Oncologia,1200708
409f28ec-23ce-419e-85f8-1570e73f41fb,Luana Costa Pereira,Anestesiologia,5107768
78e32518-ab93-4692-bdd0-fa0439af60a8,Juliana Almeida Cardoso,Cardiologia,2904852
d9d6c64b-1899-49b7-97ec-76f4846bf6aa,Paulo Cardoso Barbosa,Endocrinologia,1301100
e96d1252-10a7-4e89-8775-7fb5c310ff90,Vinícius Nascimento Dias,Endocrinologia,2503704
a370c94c-a9f6-468f-aedd-515dca9b8eee,Eduardo Souza Pereira,Dermatologia,2612208
33196e9b-9bc3-4d90-b875-a01d63b37045,Camila Rezende Freitas,Cirurgia Geral,4319125
a3b5549d-2460-482e-ab6b-b4b78b0fc0f0,Ricardo Peixoto Cavalcanti,Ortopedia,4202057
b65a6cbd-b6bf-43e8-8cdc-ac0eea94bbff,Bruno Rodrigues Cardoso,Urologia,2801900
03f3bf9a-3775-4be6-adfc-b989cbfe2498,Eduardo Correia Freitas,Infectologia,2501906
22642278-d57a-4a0b-bb20-46e1d2bf5b3f,Sofia Peixoto Araújo,Anestesiologia,4217204
c15f1fba-d85e-44ee-813f-87f5b979157f,Gabriel Rezende Correia,Ginecologia,5204003
f2908236-dedc-43e1-8fc7-822bd2848562,Lucas Rezende Oliveira,Infectologia,4316501
0fe28fea-2be9-4162-8309-0cadcf69a966,Paulo Cardoso Freitas,Ortopedia,3537206
b872bbec-3f50-4bcc-961e-8cea868295e0,Tatiane Araújo Teixeira,Oftalmologia,1501402
78b005c7-aaff-4935-bcf3-c7b4ab93ff2d,Sofia Araújo Teixeira,Infectologia,4126256
7ff311e4-49f2-4840-acaf-42da34dc93bc,Carlos Oliveira Rodrigues,Neurologia,4305157
5bf24014-6fb2-4611-ad42-71fdf6a8c9f3,Fernanda Martins Araújo,Oncologia,3133303
af4ba17d-f508-4171-a82b-15b662208190,Sofia Teixeira Freitas,Pediatria,2916807
e0281ca5-7707-4682-877c-5ed69cb2f070,Bianca Pereira Mendes,Oncologia,1501402
148f7bff-77d0-471d-8df1-0d73218c7eb6,Sofia Araújo Nascimento,Psiquiatria,2511707
4a1d7dde-0cd6-4087-85f9-0bbf36b5c2ee,Ricardo Fernandes Peixoto,Oftalmologia,3159605
057c15c8-b6d1-4583-b426-fd7803cb3a63,Gabriel Lima Farias,Anestesiologia,3154705
e534f591-92a1-481f-b4dd-6d62cd2ef98c,Vinícius Oliveira Nascimento,Urologia,1101484
e93ada38-3258-4928-bcc9-6f714db8d437,Eduardo Cavalcanti Barbosa,Dermatologia,3145604
01eb4a92-3533-47fd-8bc6-5d93e9de9c48,Bruno Araújo Martins,Psiquiatria,3540903
74971cc4-acc5-47d2-993e-5356c1a11fdb,Tatiane Costa Oliveira,Psiquiatria,4318499
88dcffff-cf1d-4c9f-a648-3cdef21d0bb2,Felipe Rezende Souza,Dermatologia,2800407
662bf415-996e-4aed-acbc-b095d2620a1b,Sofia Freitas Rodrigues,Oncologia,2921054
160e8d90-12fc-4692-91d7-b615564d87b6,Sofia Costa Oliveira,Radiologia,5000856
2d5fee6c-16f1-4ab8-a344-326aa6992135,Larissa Cardoso Nascimento,Pediatria,2306504
ce79968e-25a3-4506-8981-c2a853594533,Camila Peixoto Araújo,Radiologia,3500907
dd6b50ea-0132-478a-b630-1189a2bf23fa,Fernanda Araújo Peixoto,Radiologia,3504404
22035217-a665-4419-8bda-d608641ad995,Patrícia Martins Pereira,Ginecologia,2201572
28d274ad-a0da-4ff7-97dd-53d3313bcafc,Gabriel Rocha Barbosa,Infectologia,3513900
f327ad8a-b553-414d-b601-28b84ac50b50,Sofia Fernandes Peixoto,Anestesiologia,4303806
21e2c737-476b-4374-a550-c7f3ca94ac7e,Bianca Nascimento Barbosa,Oncologia,2405504
78a71583-465c-4707-ad31-4f7b084ee774,Daniel Lima Teixeira,Urologia,5106778
eda661ce-f706-430c-8d6b-a1749d95d316,Vinícius Cavalcanti Rocha,Neurologia,2412609
598e4659-1612-4013-bd5f-ef110a859047,José Cavalcanti Cardoso,Dermatologia,1508308
38c5d64d-7067-46e3-8ab7-c840cb19efbd,Felipe Freitas Lima,Oftalmologia,3121506
6b9e2f98-2c74-4fb3-b89e-2a2bb83c87bd,Felipe Silva Nascimento,Oncologia,2501906
4404530e-1062-41d2-bc61-fe5c02604ffd,Bianca Mendes Rezende,Nefrologia,4300455
4fe255f7-43d5-4d29-8f1b-89475bf262f0,Paulo Martins Rodrigues,Radiologia,4314902
c8cb911e-adb5-44ec-b3c1-fdaf780589cd,José Dias Fernandes,Radiologia,4319505
0f857d88-c143-45c6-9b63-2b543bd3027d,Ricardo Mendes Pereira,Endocrinologia,2611101
b4446e99-f50a-49dc-9610-6837fe45fed1,Eduardo Martins Silva,Ortopedia,3145406
dddecb68-8c6b-4c13-ada0-e3866632dd12,Camila Rocha Oliveira,Neurologia,3152600
5a6d96f1-b458-4655-a1c3-fd09c4861baa,Luana Almeida Oliveira,Urologia,2201572
b2c95dfb-b230-4e2a-9e68-34facd704079,João Gomes Teixeira,Urologia,2412609
79863f10-b397-417f-8692-739bd478bc5d,Juliana Cardoso Oliveira,Radiologia,2201572
45091519-65b8-449c-a595-a14412a20d80,Felipe Araújo Correia,Infectologia,4204806
35c92a7c-d370-4094-837e-030f20884d82,Eduardo Farias Gomes,Ginecologia,3123007
ec61f50e-9967-4cdc-9dab-dab9d2d06481,Bianca Correia Correia,Anestesiologia,4314068
3d08736c-d70a-4d26-938d-1b9a1c70c634,Fernanda Barbosa Correia,Cirurgia Geral,5204557
941078a7-2b5a-415c-b034-5a19248180ac,Eduardo Fernandes Silva,Urologia,1303908
3123fd77-5f8b-4fac-b354-50a706fd35b2,Ana Souza Nascimento,Endocrinologia,3503505
65120d19-b545-4020-8ea3-9be38efd3d2e,Bianca Freitas Peixoto,Urologia,5200852
21537c43-afde-4b0e-bc72-bed70c858527,Gabriel Gomes Oliveira,Clínica Geral,2927903
1ff7b4ba-5feb-4e3b-b7b1-ce38534794de,Patrícia Lima Pereira,Infectologia,2700805
b696cdac-9280-4c8e-9fb2-837d1a211af3,José Pereira Fernandes,Nefrologia,2209153
467f2b1a-85b8-4959-a4f2-c21f3e704494,Eduardo Souza Costa,Anestesiologia,2918456
8fcc9289-3688-40f0-8a2a-d8fdc1c94264,Ricardo Correia Almeida,Anestesiologia,2405405
b31b78bc-9832-4ac0-9b4b-888be97be5f5,Gabriel Rodrigues Souza,Ortopedia,5201801
391e59ed-0cb4-41e2-8ee4-5e1bdb4ac50d,Gabriel Costa Souza,Nefrologia,3524303
d3c719d7-18b2-42ad-96f6-ed9f1def336e,José Lima Teixeira,Psiquiatria,4204806
9b75063e-9528-409f-b1de-8319b4d2e340,Ana Oliveira Rezende,Dermatologia,1720259
a2af1a1b-cc39-4d5b-914a-48b523878431,Paulo Freitas Costa,Ginecologia,4316477
449991a9-ef1f-4204-8b51-bcece698bfbe,Camila Peixoto Costa,Endocrinologia,2201572
2d1fa1d6-7dbc-46b2-b3a9-513d0b611de2,Sofia Lima Cardoso,Clínica Geral,2704104
7b1ae752-bb75-4adf-8a00-0a04049e23e1,José Lima Correia,Nefrologia,3139409
7fb13251-ffc2-4398-9b58-4b45ecea827c,Ana Silva Correia,Endocrinologia,4319307
776d50bb-1463-4a7b-bb54-6bb092a62565,Felipe Rocha Araújo,Ortopedia,5201405
943b1ef6-f728-41cf-ba42-c315d49496ad,Vinícius Teixeira Gomes,Endocrinologia,1710706
0f236adb-9639-442c-bf24-2ecc1116ffe3,Sofia Silva Correia,Nefrologia,2910305
2508bdcc-e8bc-41ca-9297-47ca73cb2aa7,Ana Nascimento Dias,Pediatria,3520608
9405d136-ff19-4fbc-92e1-c4a8fe1b22aa,Bruno Souza Souza,Ortopedia,2700805
d2dec7e2-1ecb-408a-9651-fe3666c0d338,Bianca Souza Farias,Urologia,2708600
c29474e3-ff4a-4ff3-828f-ab952986c9f8,Luana Rezende Gomes,Oftalmologia,3144672
64988196-ab3b-49bf-b9e1-92b424112db9,Rodrigo Martins Rodrigues,Neurologia,3547403
9199a3e6-90e1-4752-bcfa-544da4bc6937,Ana Martins Silva,Neurologia,2916302
16597836-603d-4e49-9927-88d06ab753e7,Felipe Souza Mendes,Neurologia,3504800
3f5bab5c-0c0a-4a2d-942f-468aac640c0a,Patrícia Fernandes Araújo,Urologia,5300108
69133d51-c0b2-414e-9fd3-efb0e9e603f3,Vinícius Cavalcanti Farias,Ginecologia,5201405
b6a38aeb-d627-4a76-916d-699c1507c1c6,João Fernandes Almeida,Oftalmologia,3505351
34f30f30-bdba-41a4-b743-5315868361ee,Bianca Mendes Dias,Anestesiologia,3101631
f0834793-1798-47b3-bb4d-8f0c7ed27232,Gabriel Martins Almeida,Urologia,2310001
d6f87a7e-8fee-414b-80f0-9d430392aa5c,Larissa Rodrigues Martins,Oncologia,2412609
54e20726-4fc5-42fd-8242-1f86c21911cc,Felipe Silva Nascimento,Oftalmologia,4303806
0305051b-e7ed-431b-8592-44dcf49887ad,Marcos Freitas Costa,Dermatologia,4314902
0a53a85e-7236-43d6-87f3-533759973059,Paulo Araújo Pereira,Oftalmologia,2928703
c2e9cddf-69b3-40c9-a3e0-05065b8140e8,Larissa Lima Almeida,Endocrinologia,5215801
491869d5-adec-4d8c-ba47-dcbf92d7252d,André Silva Mendes,Endocrinologia,2501906
e293098a-06f1-495e-8c5d-ebd63710e69b,José Costa Peixoto,Ortopedia,2202109
f120cf27-83c7-491e-81bd-7253dcd607f6,Carlos Almeida Souza,Infectologia,3110905
68831bea-b4f9-483e-8221-0c354967f494,Felipe Silva Almeida,Anestesiologia,4215109
86b52477-c199-42a6-b2bf-739f3b0f7932,João Nascimento Freitas,Oncologia,1501402
2c76b6bf-72ff-4c18-ba50-b598f9f03d92,Daniel Freitas Rezende,Dermatologia,1708254
c8ee88c9-f552-492b-bcbd-6060df44e9ad,Ricardo Lima Almeida,Neurologia,5208707
19296577-a1e1-40dc-8e06-60e0555062a2,Fernanda Farias Souza,Neurologia,5300108
164d218f-725f-4c1f-b50f-2037180c7dff,José Lima Gomes,Nefrologia,2304400
f447b55f-6362-4819-9967-32b06a062491,João Cavalcanti Pereira,Anestesiologia,3168507
3cc4f1cb-d141-46eb-9b5f-252d30e4c38b,Sofia Teixeira Oliveira,Cirurgia Geral,1303908
972a4f3a-7b97-4a8c-98cc-0cf17fd573be,Luana Dias Correia,Psiquiatria,2211001
03edf721-3e40-40b3-9e54-f1febbf18f9e,Eduardo Oliveira Martins,Neurologia,3203007
bc6a7ebe-e900-4b1c-be2f-47c089cbe8a4,Felipe Rezende Araújo,Ginecologia,2412609
79c051e1-855c-44ad-8e46-337374118d87,Marcos Fernandes Costa,Ginecologia,4306502
54687a25-debf-42d8-9af4-d7c5a1d6b71b,Carlos Mendes Fernandes,Dermatologia,2507507
e09ef9a7-13d5-4f6f-959a-eed8318e8c54,Bianca Cavalcanti Rodrigues,Nefrologia,3542800
49605475-0811-467c-bcc2-c6f8b0a2e5c6,Patrícia Rocha Pereira,Dermatologia,2401008
1e8d764e-fb21-4465-bac1-0d473e5a2f39,Tatiane Rodrigues Oliveira,Oncologia,2912301
d8a32042-436b-4921-bdef-826b1fa30571,Tatiane Freitas Peixoto,Ginecologia,3542909
03f085d1-5011-410b-94b0-0390772643f9,Patrícia Silva Farias,Cirurgia Geral,4111605
09f37c03-ce03-429f-b169-ffae7b908179,Lucas Teixeira Teixeira,Cardiologia,5007109
546ead50-de93-40ef-bb9b-9e7e826c059d,Gabriel Freitas Pereira,Oncologia,2202109
a98df3c4-a5c2-4ed6-be79-581d1ee1bb76,José Fernandes Farias,Pediatria,4319307
1b916d41-25b9-4c63-b0fc-b088aaab3ba3,Luana Lima Cavalcanti,Neurologia,3108602
fdbcf570-918f-4b79-aaf5-d54efa154f28,Maria Martins Farias,Endocrinologia,4113304
cffe3af0-866d-4d20-8d78-8c484825608e,José Cardoso Mendes,Cirurgia Geral,3513603
356c3644-1257-4ce9-b2bf-bfaef45ffba0,Bruno Pereira Lima,Ginecologia,5208806
adec5793-c9c0-4934-8dad-f4fad35aa404,André Oliveira Rocha,Endocrinologia,2900702
41fcae40-afb9-47b8-a518-891944bdc35b,Patrícia Teixeira Fernandes,Anestesiologia,4320677
fdd10de6-e325-4e63-a672-da908ab96ec4,Marcos Pereira Silva,Cirurgia Geral,2412609
9ba44f41-24f9-4d20-b674-a05e7eea357a,Bruno Teixeira Freitas,Oftalmologia,3144375
fc22508e-d106-4007-9e4c-8acd302b48b2,Eduardo Cavalcanti Almeida,Radiologia,3508108
b257bc28-2991-4567-905a-d49c125e6b73,Fernanda Lima Cavalcanti,Pediatria,2926509
e14c3221-aee2-43ec-93bc-84c17ee7b0c9,Sofia Lima Martins,Dermatologia,1302603
c004c973-ef9e-461e-9261-86348badef32,Vinícius Costa Pereira,Ortopedia,2926202
564a2bca-4158-4b61-af64-217326f7c30b,Gabriel Cardoso Rodrigues,Clínica Geral,2601607
e598f997-a1dc-4d75-a6a3-853400b44970,Fernanda Souza Almeida,Pediatria,4219853
0a8f8a4d-08a9-4ca4-a0c1-532702e3a560,Vinícius Silva Mendes,Urologia,3304557
49055da1-97b9-411b-a693-419350f37651,Fernanda Souza Rodrigues,Cardiologia,3550308
afb4e8cf-1bf6-4157-a219-e47f04d7cda8,Fernanda Martins Barbosa,Anestesiologia,3104700
aacdcfcd-957e-4e42-9685-4b3bd362452a,Ricardo Gomes Lima,Oncologia,2919603
3bc3aa8d-9e4f-4f36-8de3-3a9e74465f11,Patrícia Gomes Cavalcanti,Anestesiologia,4315131
ff749816-0ddc-4902-ac8d-5a591c6d034a,João Rodrigues Freitas,Urologia,4106902
1a412871-abaa-4edd-b712-d7533826952e,Vinícius Nascimento Martins,Radiologia,5200159
828091fa-bbe5-44dc-9f0d-d667ea037143,Paulo Rezende Martins,Psiquiatria,3517604
5ec5095d-dc0d-44dd-a20e-576d553efc10,Juliana Silva Souza,Pediatria,5201405
8b58cc3e-528f-4f56-b8f8-d69b5aaf26c7,Marcos Fernandes Oliveira,Oncologia,4107736
2eb78047-8a45-446d-be10-4e67e7842388,André Farias Rezende,Infectologia,2909000
219262ec-a60b-4f2f-8939-d4cd0b26baae,Ana Rezende Rezende,Urologia,2502003
7f5e7ccc-d468-4cb5-bd61-1ae3a70015f4,Camila Martins Gomes,Cirurgia Geral,2313351
6d280f7d-567d-48e0-9254-c65bc7c55d72,João Freitas Rezende,Ortopedia,4308458
271103a8-6d5c-4716-995f-8675c84097b1,José Teixeira Correia,Nefrologia,3555802
dc602892-bcf3-45af-920b-4c5649c57cda,Marcos Nascimento Peixoto,Oncologia,1718006
4274c429-84d0-4b1f-a006-c1a04ea5f9e9,Lucas Pereira Pereira,Pediatria,4316501
e31b6fba-b432-4f54-9f04-5735f8b4e89d,Fernanda Oliveira Peixoto,Clínica Geral,2927408
b05058fd-d0de-4ef2-ac6a-7b2e7ede557b,Larissa Rodrigues Farias,Infectologia,3164100
d077b89b-eed1-4d3b-b0ea-2319e148888b,Fernanda Mendes Fernandes,Clínica Geral,3504107
28a2af9c-b5c5-4ba9-9111-c8ff35939e1f,Larissa Silva Souza,Oncologia,2408706
33da3e49-1df0-4302-a59e-68601096d9e3,José Teixeira Rezende,Nefrologia,2305357
eb6d9394-9bb6-442d-94e6-763f53e1ff12,Ricardo Martins Cardoso,Anestesiologia,4306767
7b28b3c1-0b23-41f8-b925-b60deb0c9b9b,Patrícia Cavalcanti Rocha,Anestesiologia,4103800
7959830e-8738-47b2-a3a9-45139335694a,Felipe Farias Almeida,Endocrinologia,5200506
3a055291-dd03-43f8-9f39-af60d1488d75,Daniel Rezende Nascimento,Ortopedia,1303908
417894bd-d26e-48aa-9abb-bcb29f2bb06c,André Mendes Correia,Ortopedia,4301750
c7fa1e69-2622-4959-934c-8f1b6c91c3fa,Fernanda Rodrigues Rocha,Dermatologia,4322400
bb710645-963b-4309-9e3c-90b6dd0b3b0c,José Martins Peixoto,Cirurgia Geral,4212700
92fc45a7-c1e4-43f7-ab85-1e49e8e9c26c,Sofia Freitas Fernandes,Pediatria,4303806
bdc1a3c4-53b4-4589-8b7f-aa168bfc77d5,José Souza Barbosa,Neurologia,1708254
0122e150-fee4-434a-a77c-d3c68504c0b6,Felipe Mendes Silva,Pediatria,3104205
e1f8b41f-cfac-4624-b370-aca98b80c762,Bianca Cardoso Souza,Psiquiatria,3542206
b2ee34fa-ed42-4bce-a0a1-d507715598cc,Felipe Mendes Rezende,Psiquiatria,3161650
9a1e5207-fc4c-41a0-999f-3883ee8f240c,Carlos Lima Lima,Radiologia,4109500
f2ecc405-2a25-4210-9f91-1d9b02349ac8,Paulo Correia Souza,Infectologia,1501907
4fff1881-f2c7-4a35-a2bc-20fa412551f7,Juliana Barbosa Cardoso,Dermatologia,4316477
d88fff85-5ac0-46d7-bdb6-f97e7ab5af81,Camila Nascimento Almeida,Endocrinologia,3510500
59755914-8cd0-41b8-aa36-f8d069e52640,Paulo Gomes Araújo,Oftalmologia,5107180
c7c73fb7-053c-4226-b5a9-1ebd18fa5e70,Ana Cavalcanti Gomes,Psiquiatria,4215356
fba3f022-d8b2-4354-a3b6-21bd3fa93e16,Camila Pereira Mendes,Endocrinologia,3115904
92b8c098-009d-4dd2-81af-3f4234ed619d,Ricardo Barbosa Freitas,Dermatologia,2930204
9970eae3-70bf-4782-81de-8f5b02b67789,José Freitas Almeida,Infectologia,3304557
e9909360-e3ce-475d-8865-2ec4e13bf859,Rodrigo Rodrigues Correia,Neurologia,4204707
4d6970f5-46e9-4174-8099-695398c3e9f4,Eduardo Rodrigues Pereira,Oftalmologia,4303806
96eafe07-66f2-4bf1-84bf-dddef8589c77,Rodrigo Freitas Rocha,Dermatologia,1718006
58c91ba7-d224-4f59-ad4f-cd42a7fa5fcb,Patrícia Gomes Silva,Oftalmologia,2201572
3e450adf-153f-44a0-a432-5db416b04059,João Nascimento Mendes,Dermatologia,2902807
3176877d-ba90-4755-855d-2c5e8bc02783,Bruno Lima Araújo,Oftalmologia,5218052
492317f1-d025-4407-adc1-f6181c3da7f8,Bruno Cardoso Araújo,Oftalmologia,2202109
3c05b47e-552a-44b4-b60b-7c4256315b2e,Sofia Silva Peixoto,Oncologia,2513208
3b84b558-da8e-443d-affa-133f9eb30556,Ana Cardoso Cavalcanti,Radiologia,3547403
6ee20746-7f7b-4dd9-8049-d6eb9c36de40,Fernanda Silva Martins,Cardiologia,4303004
078cae5d-026e-44cd-8af8-72ab65314e18,José Nascimento Rezende,Pediatria,3111804
4a726f44-dc81-45c7-8cf8-08b8e8d47600,Carlos Araújo Barbosa,Ginecologia,2616209
34438718-9224-4457-930c-db72a9c6bd40,André Teixeira Farias,Clínica Geral,5100805
797b7dd9-4465-41cc-8a29-894fc5387a51,Maria Araújo Cardoso,Infectologia,3155603
9551faca-5d54-40d2-ac71-65f6add08a2d,Vinícius Rocha Fernandes,Anestesiologia,1500503
8c5c9c24-a3a1-43ee-b514-cfa3969f1815,Tatiane Rocha Rezende,Ortopedia,2707800
c0306d99-2235-4808-814c-6d048c31b4e2,Juliana Dias Oliveira,Radiologia,3529658
0d774f5f-a17e-4927-8125-2e13b88392d2,Luana Cardoso Mendes,Psiquiatria,4114609
a3c8f281-5e4e-4b45-9f00-90e57924370a,Gabriel Lima Almeida,Radiologia,1720259
8a3ece8c-d999-4f07-a93f-c62a92aa6c67,José Souza Lima,Cirurgia Geral,2516102
6715f7e4-bf47-4051-85bc-3cfbda261579,Daniel Freitas Barbosa,Radiologia,3112653
28837d32-7906-4b0f-ace3-3e638fc493c0,Fernanda Souza Oliveira,Clínica Geral,2922052
15d47eab-cecb-40b7-a112-4ba5013d4ff5,Maria Gomes Dias,Endocrinologia,3550308
d4a70629-bcf9-4918-8817-f9d2e624a4f3,Fernanda Rodrigues Correia,Urologia,4215653
8b9f2f97-df10-42d1-a85f-649add3f9c48,Paulo Barbosa Rezende,Radiologia,1506401
4ce03812-2b19-4407-a8c9-70c99c6957c7,Juliana Farias Araújo,Dermatologia,4313953
5da8e1dd-e2a9-489b-9538-27e9f88c4f6d,Juliana Dias Rodrigues,Oftalmologia,3136520
14d0a54d-b920-4ea8-af76-a53f76009886,Patrícia Farias Freitas,Oncologia,3514403
1483affd-1da3-4257-8e33-8fe18cc5765d,Maria Nascimento Pereira,Clínica Geral,2414001
ef0aea86-3412-40cb-bf3c-be91d357be17,André Almeida Araújo,Neurologia,2201572
dfce6f16-6042-4de6-8cc5-05b04844adc3,André Cardoso Gomes,Oncologia,5107198
96ba31b9-7a88-49df-a8e6-7bd199be7966,João Pereira Teixeira,Psiquiatria,2614808
e6e6f571-9904-407f-98c0-3bc86f3bd483,Bianca Costa Cardoso,Oncologia,3131000
0f91e628-9c43-484d-a91e-c9c9265d66e6,Eduardo Farias Araújo,Psiquiatria,2103125
7a0bbab7-18d2-4aae-866a-2ffeee6613aa,Carlos Almeida Nascimento,Pediatria,4311908
862a0c8f-0c66-4205-8468-bb3f23d55c7f,Eduardo Cavalcanti Almeida,Dermatologia,3167806
5d7a4a61-1a83-4f65-a7a0-76023f3ebddf,Daniel Souza Oliveira,Anestesiologia,3115102
11f21bf0-3fe3-4feb-8828-83744d668bc1,Ana Souza Cavalcanti,Urologia,2412609
ab4dc3db-96e3-4d40-896d-1a8ce72e7734,Marcos Gomes Rodrigues,Endocrinologia,3161007
fc10b054-b8cc-4b04-ae8d-c99f59db2e7c,Paulo Souza Souza,Endocrinologia,3112802
fa1e92ed-741b-4fba-9143-e881cab99c1a,Paulo Fernandes Cavalcanti,Pediatria,1302603
8f9e90a4-2d21-4f09-b456-fb3a319e2e6f,Vinícius Fernandes Almeida,Clínica Geral,4106571
260464b9-ec75-4213-9d85-d9ccd9acb9d9,Vinícius Cavalcanti Lima,Psiquiatria,5201405
bf995e93-189b-4e4d-a7d3-3f1fe33381f4,José Silva Rodrigues,Oncologia,2411502
db97143c-b22c-4995-b40d-59c863266b4c,Luana Oliveira Pereira,Dermatologia,2601508
1f863e8c-b19b-44f3-a566-0819c3785168,Vinícius Teixeira Rezende,Infectologia,2404507
075a0031-6833-48af-93b7-c59b1937cd50,André Mendes Almeida,Ginecologia,2207793
68826bec-4e7c-4a7b-8989-516e4fcf4f63,André Rocha Correia,Oftalmologia,5107206
70284246-ae39-437c-a076-3c1d56550b65,Marcos Farias Mendes,Cirurgia Geral,3200201
40289c47-167d-44ad-adf2-cd2e0e71cfc4,Paulo Teixeira Mendes,Oftalmologia,4100806
a5afd05d-3210-479e-a5fa-e9eba8fc4e43,Daniel Silva Mendes,Cardiologia,2412609
6c1bb003-92ec-45c7-ae2e-4cc5f9b66918,Bianca Oliveira Correia,Psiquiatria,2909604
cfed76d5-045b-4c57-b741-94a883030034,Carlos Rezende Gomes,Oncologia,3304557
6eb8fc55-e0de-4707-aaf7-17bd277a9e41,Gabriel Nascimento Cavalcanti,Psiquiatria,2924058
42aa1ca4-bc88-46a2-ba8a-c1c029f37fe2,Bianca Rodrigues Pereira,Nefrologia,3140902
dd780f4e-e251-4b1d-a1b1-ae054a4d0bf0,Vinícius Rodrigues Barbosa,Cirurgia Geral,5201801
b672f719-b119-49ef-9ef2-16e1be31c0ee,Fernanda Peixoto Mendes,Clínica Geral,5300108
55ee3f94-cee5-4ccc-aa7f-4dfc82541df3,Eduardo Araújo Oliveira,Clínica Geral,3142908
094baf0e-51d7-4ddf-85c6-3f98409c42e3,Sofia Costa Dias,Pediatria,3204658
f8df8b73-bca9-4aaa-a61a-3709191278f0,Camila Araújo Cavalcanti,Ortopedia,5300108
90dc7960-56e3-4584-bafa-595a8f64c45d,Vinícius Costa Teixeira,Endocrinologia,2501906
4c7b454d-c612-4743-8e7e-4882ac534f7b,Bruno Rezende Cavalcanti,Cardiologia,2927408
27e55122-8cf9-4d09-84ff-4d4c4e5fb251,Ricardo Dias Pereira,Clínica Geral,4201901
36b1be28-7022-488c-9ff3-08d3d1fdcede,Marcos Silva Rodrigues,Radiologia,4115101
8c5a1b64-bf38-436a-9d94-62f154d8f8b7,Vinícius Araújo Dias,Cirurgia Geral,4321832
9d1ce53b-c48e-48f5-80e9-54d1633b06b3,Juliana Rocha Lima,Infectologia,2108306
b291c176-ca01-48ad-8117-eb0e62668dae,Rodrigo Martins Mendes,Radiologia,3144672
5fb2037c-6454-415d-923a-6021c30ea93f,Patrícia Oliveira Martins,Pediatria,2109551
79d60928-48fb-48a6-85cf-7ec5ecf04f03,Sofia Souza Souza,Oncologia,5201801
006e03d8-ba9a-4c30-be19-7695820df691,Fernanda Correia Cardoso,Cardiologia,2201572
c47de33e-2ba4-4895-b083-a42d07bd4b9c,Juliana Oliveira Farias,Ortopedia,3144672
0651eae1-ce9e-4d74-accb-cd2f30755064,Luana Gomes Cavalcanti,Anestesiologia,3160702
3b644b27-c403-4d2a-861f-c6ed500da3dc,Camila Peixoto Peixoto,Infectologia,4316477
9e442297-bd71-44d3-86ad-6f8a246aafcc,Daniel Freitas Cavalcanti,Dermatologia,2109270
c368193c-c388-4108-8576-e352ea91aaf3,Camila Teixeira Correia,Dermatologia,3204658
4b0fd51f-aa3f-4d79-b5ee-46574122fa00,João Rodrigues Pereira,Pediatria,2202703
cc25beda-f6bb-4b87-ae04-dd6552c42ce1,Ricardo Rocha Cardoso,Oftalmologia,4314902
efb6794f-272d-465f-8efd-a7f68011f859,Camila Araújo Martins,Anestesiologia,2927200
50f3d68e-c740-4d9f-9fa8-7e7bd5ddfef9,Marcos Silva Almeida,Nefrologia,3552205
71f128c6-e05b-40bd-ae59-eb7ce7842aa3,Eduardo Martins Freitas,Infectologia,2709103
3656462e-64da-448a-b8d5-3467d4e99e6b,Felipe Souza Almeida,Nefrologia,1300680
04384349-f4ea-41de-b4fa-063a030131c5,Fernanda Almeida Mendes,Dermatologia,2208551
9b5b651f-1c1d-4f34-9b65-b140535478a4,Maria Lima Mendes,Cardiologia,2408409
a92d9f6d-c774-4954-8a6a-6b0d6cb84443,Larissa Freitas Fernandes,Oftalmologia,4316477
b9bcc0f3-6413-4cb8-ab9d-8e6dd85fa664,Bianca Farias Peixoto,Cardiologia,3126307
4f0833e5-4285-487b-8215-40c765caa442,Carlos Peixoto Cavalcanti,Nefrologia,2927408
bb5cd728-cba7-429f-9750-efb55fbe7f33,Carlos Souza Gomes,Neurologia,3514403
aa868653-ffce-4a22-9029-6e4de9969c6f,Maria Fernandes Teixeira,Anestesiologia,5201405
266bdf05-4e43-4104-9ed9-79cf65fb398c,Luana Nascimento Oliveira,Urologia,3115904
21b9c1bb-5a44-46af-9eab-81ea1a8b8362,Daniel Dias Rocha,Pediatria,2201572
757f4533-5511-4d21-982b-fa752972802a,Luana Rocha Rocha,Anestesiologia,5208707
c8811190-dd1e-4dc6-b48a-e7b8736d3593,Ana Dias Almeida,Urologia,2514305
1b0af4ce-202b-4bd2-97fe-9cd2e468e8dc,Gabriel Nascimento Lima,Dermatologia,3140803
bbbc9c9b-a247-41f9-98a9-df3122dcf7fa,Lucas Cardoso Cavalcanti,Pediatria,2104503
85aa18a3-8aee-4b41-91fc-4fde9398a238,Bianca Araújo Rodrigues,Endocrinologia,3139706
64752f57-1f33-4e49-a3a6-1b8b9ac6e079,Bianca Rodrigues Freitas,Endocrinologia,4120002
1aebde34-a34e-459b-bb29-4e5101ee6e95,Rodrigo Fernandes Freitas,Anestesiologia,1302603
389e0859-888d-4697-85a3-45576eb69cc8,Gabriel Rodrigues Pereira,Radiologia,3540804
75ca11f2-3f8d-4202-8214-98075349e493,Bruno Rocha Martins,Infectologia,5201801
d5a56c7b-d498-4b08-ba16-92ae1b3d48e0,Fernanda Martins Gomes,Clínica Geral,1303908
85a5efdc-fd9d-4672-865f-b5a3441ab56a,Rodrigo Cavalcanti Cavalcanti,Pediatria,5000906
54e277aa-01ae-4b79-acbb-5159f29120d6,Gabriel Dias Correia,Dermatologia,5201801
7bf78d1e-189f-4a10-bf27-21d50e6e93db,Vinícius Rodrigues Rodrigues,Dermatologia,2406155
1dd63faf-4f31-4589-9756-3cdaea0ea8c1,André Nascimento Mendes,Dermatologia,3554656
fa1a0c0a-3b31-4775-8842-c8a9440c04b8,Vinícius Almeida Cardoso,Clínica Geral,5201108
690eb6f7-6c51-42aa-8739-10bc1124cb65,João Teixeira Lima,Radiologia,5300108
5c30b24e-ab25-4af1-8d8c-8da04cc022fd,André Rodrigues Rocha,Clínica Geral,3546603
bc75e11e-6571-49a9-9e54-877710d7b282,João Souza Rocha,Cardiologia,3135803
cde51294-57c8-4629-a31f-ec891e124f38,Ana Nascimento Gomes,Psiquiatria,2105401
e4c30af5-5542-4333-8a44-ad41546c136c,Fernanda Barbosa Rodrigues,Psiquiatria,5000203
93a858c4-547a-45a1-8c4c-eb31d8ace6cb,Daniel Rodrigues Peixoto,Pediatria,2106201
0c308793-ba36-457e-bb03-e662a4117069,Gabriel Cardoso Freitas,Oncologia,3112000
a6023601-6b9c-45bf-a304-f8b82e77ab0c,João Barbosa Nascimento,Urologia,3129202
67844874-8b70-4e8d-a991-b337a7da0f9c,Juliana Cardoso Teixeira,Ortopedia,4126256
8cec8e67-5e0d-4156-83f4-d56cdb310ff2,Sofia Lima Correia,Oncologia,5205521
190f6fae-0c2a-46bc-a769-40b97689886a,Gabriel Nascimento Souza,Urologia,4106902
9ffa6d07-3f9b-4052-a1da-0ccbcc999cf3,Marcos Correia Gomes,Radiologia,3506102
2abb63fe-5d1e-43a4-9d87-957637f102e5,Patrícia Fernandes Cardoso,Anestesiologia,2501906
32648927-1d64-4b4c-b2dd-017dc5b22f2c,Gabriel Correia Gomes,Anestesiologia,1502608
05afa603-e2b8-4c77-81e3-27cef89c1549,Daniel Teixeira Dias,Pediatria,2307635
b4e1cea1-d009-467e-94e6-c62a9e798409,Gabriel Dias Cardoso,Cirurgia Geral,3304557
3a05a1a9-cadb-4545-9cf8-94ccd72fd020,André Rodrigues Gomes,Ortopedia,3203353
caf5b4b6-8d81-4d46-8ab8-1564b7a5abdb,Bruno Oliveira Almeida,Oftalmologia,2206407
5e0ac9a0-612e-4709-8173-55c102b2aeb7,José Rezende Silva,Anestesiologia,4300471
8244ca6f-6544-4a0b-b69d-2b1c62e41bf8,Felipe Rocha Souza,Urologia,5203104
52cfafb0-6120-467f-9359-b205c2401536,Patrícia Oliveira Freitas,Nefrologia,2612703
838ce02c-3ae6-4eaa-9fd6-0379c17b1bf1,Ricardo Rodrigues Silva,Endocrinologia,2201572
ca867fba-49c2-438a-965d-8cf812959e6b,Bianca Araújo Araújo,Pediatria,5214606
ca533645-7e97-45f6-b5b9-ada3cd0a2c20,Rodrigo Lima Farias,Neurologia,5205455
d4a3ab16-3c4e-49a7-827d-684e0ee38fb6,Sofia Barbosa Barbosa,Psiquiatria,2211506
5d7d48ee-c092-46de-be75-60c42176659a,Daniel Cavalcanti Correia,Nefrologia,2505709
58466748-ff67-4b8c-bd59-ec8e6fcf3ecf,João Silva Souza,Endocrinologia,4106100
58cfded0-ae4e-43ac-b45d-9ac3d719ce01,Ricardo Araújo Gomes,Urologia,1302603
9e5fe355-5f00-48fe-ac93-ce9e9b86e975,Lucas Rocha Lima,Oncologia,5201801
e7144545-f5ac-4b13-9aaf-1d135bac6d33,Larissa Souza Silva,Cirurgia Geral,4207403
58947fee-9e86-4779-bbfd-111268cb9a7c,André Pereira Gomes,Clínica Geral,4316709
3e1485d9-bb15-41d4-80f7-ad04f13b3083,José Rezende Correia,Oncologia,2201572
5bc5b711-4a76-494a-b528-3f0ac381030f,Maria Araújo Correia,Dermatologia,3147006
3c732955-03e9-4373-bc2e-00a2b0d32f50,Camila Souza Araújo,Neurologia,3144672
d6828332-57e7-4589-9e2d-1e41b4066d72,Ricardo Costa Rezende,Oftalmologia,1501402
ca318259-da33-4154-9445-ea1784527747,Patrícia Barbosa Fernandes,Cirurgia Geral,3304110
8e92a779-3f99-4ce8-88d8-aa7460046c1a,Larissa Barbosa Freitas,Cardiologia,2804003
08d29c61-3971-471b-8f71-e3b11c99b80e,Juliana Almeida Cavalcanti,Endocrinologia,2916708
8b25a9ff-3047-497f-b568-592e0e95a39e,Marcos Peixoto Pereira,Radiologia,3552403
d3c6235b-e6a4-406e-b09a-fe278b76e445,Luana Oliveira Barbosa,Psiquiatria,3154606
14ce21b8-7e80-470a-ad27-3d8a47c592cf,Gabriel Freitas Barbosa,Urologia,4302907
2c543de4-d9c1-4204-b65c-2c407f3da8e0,Juliana Correia Rezende,Dermatologia,5220108
a7909d2d-1361-43e7-94f3-8ad8dd35cd72,Luana Lima Silva,Oftalmologia,4316501
083ddf1d-bb7f-456d-9732-8834aa35080f,Bruno Oliveira Rodrigues,Infectologia,2910859
4f77dbaf-11bf-4ea5-ab0c-e373f08984b1,Fernanda Freitas Cardoso,Oncologia,4215307
13bf564d-6a29-4ca7-93bf-0813d4ac64f6,José Correia Mendes,Neurologia,1718006
942ae916-ae10-4960-952a-b0dbce8c79cc,Gabriel Araújo Mendes,Clínica Geral,3552205
d7334480-e4a4-4813-9c13-7f9668f22bc7,Marcos Rezende Souza,Urologia,2401206
7a177a65-0a92-4672-aeea-750dcd23b83c,Camila Correia Farias,Pediatria,4219853
f36aa233-d169-4dea-8c83-daaf8dbe3f75,João Gomes Costa,Ginecologia,3110400
575209b1-a576-4f60-bd50-6684491632b7,Ana Araújo Mendes,Nefrologia,2202109
6f9a63bb-1856-4116-b61c-a3d10bf109bc,Marcos Peixoto Rodrigues,Urologia,1501402
32ba883b-6b66-4295-a35e-0a9ae97a7dc9,Bruno Cavalcanti Dias,Neurologia,1100056
0fbc46b5-940d-404f-bef4-7f4766037f10,Ricardo Rezende Fernandes,Endocrinologia,2928059
35eb14f4-38ca-4766-a1ee-1b1d94c59602,Bianca Nascimento Oliveira,Clínica Geral,4316477
99ed7452-cf95-4f8c-9015-094fa3dbde65,João Silva Peixoto,Oncologia,2209450
a979e1e3-d0ba-4fa1-aabb-9a6a68e86238,Patrícia Nascimento Rodrigues,Nefrologia,3139706
419e790d-fb59-45a3-a4b4-bee6662e7309,Vinícius Barbosa Freitas,Radiologia,2204352
7345385a-8e28-424d-b07f-bc8860e190ff,Ricardo Cardoso Correia,Dermatologia,3510005
492a5faa-1b98-4a1b-a76c-e90cb6c8ce5b,Vinícius Pereira Pereira,Nefrologia,3157203
3091b90e-43d1-4be3-a4e2-1d9ed0caf6e1,Rodrigo Rodrigues Teixeira,Radiologia,2900405
8b4459f8-d958-4163-958b-fed559acb319,Patrícia Correia Rezende,Cirurgia Geral,3301603
17ea9bd2-cfd2-4f26-8b11-ba7838422ccf,André Araújo Souza,Neurologia,2309508
a42de823-1629-4856-9945-25f3b781fe7b,Felipe Dias Souza,Oftalmologia,3156452
0a756cb7-ec56-43a3-82fd-7a68b6195e8c,Larissa Almeida Araújo,Dermatologia,4314464
82606d99-c5ae-46e6-92a0-08f273896abb,Tatiane Oliveira Oliveira,Neurologia,1718840
39cc6c3b-f97a-49bf-9859-c5a5105a3c8e,João Gomes Gomes,Endocrinologia,2205854
40005e2f-27b3-4176-9af5-abd41f24e251,José Souza Rezende,Neurologia,2929008
306b83ad-3e29-48d2-8db4-d872aa8eba28,Paulo Pereira Cavalcanti,Ortopedia,2917300
13bb59f4-60a2-48a4-9c4c-ca963c379867,Vinícius Rezende Freitas,Dermatologia,5007109
06b66016-4670-400c-873b-5e6e891d60fb,Marcos Souza Nascimento,Psiquiatria,4202701
2e688414-46f1-44e3-8ca7-8616164325b9,Vinícius Pereira Lima,Urologia,2106375
3c7b1d0a-c4a8-4b57-af91-d60a4451b657,Rodrigo Barbosa Rezende,Clínica Geral,4314902
3ccd8f1b-79f2-447d-9d74-b7431b9ce0cc,Sofia Araújo Silva,Anestesiologia,2700805
82f80bb3-6067-46ec-866d-ee295901df75,Carlos Almeida Cardoso,Psiquiatria,2404200
81bc0b3b-dd21-4b9b-b4e4-edf549bded72,José Dias Barbosa,Infectologia,2204303
7585d3fa-ef28-42f1-b8b7-782cdd4d0a1d,Vinícius Peixoto Gomes,Pediatria,2407104
3e1dc7d5-b91a-4ffd-9042-3859cb445cdd,José Souza Martins,Cardiologia,2204600
4a625cd0-a296-4717-acbd-4b5a1d613505,Ricardo Rezende Correia,Urologia,1304302
aecc8e71-6ca3-42f6-8796-d173f5dc48a3,Bruno Dias Araújo,Nefrologia,1502772
e4ce2925-6831-44fc-871b-1700c52cf4ec,André Cardoso Dias,Anestesiologia,3144672
8c51a807-99b8-4be0-a33e-159f55797483,Ana Martins Farias,Dermatologia,4213807
fea2c043-c47a-4267-ac5e-eea28e9ed945,Eduardo Rodrigues Souza,Clínica Geral,1600808
58e768b7-4936-4ffb-b8c6-5ed13f894ae1,Eduardo Barbosa Peixoto,Psiquiatria,2605202
2c38c606-58df-4ed6-b17f-6a6fa9c362ac,André Barbosa Souza,Anestesiologia,2208551
e3840f88-6917-4b55-b4f2-2212fcb8a839,Camila Teixeira Freitas,Cirurgia Geral,2925303
f8fd8478-10b0-48fa-9f7c-e434db2b89cc,Rodrigo Silva Fernandes,Oftalmologia,2614402
53d263eb-0fdf-446d-baf6-954c9e189fa1,Luana Rocha Pereira,Oftalmologia,4310363
3db06297-f22a-4e28-bf6f-4e97038cbcaf,Vinícius Barbosa Pereira,Psiquiatria,4306452
e8e4d3e6-44d0-478e-804f-602a548676bf,Vinícius Cavalcanti Fernandes,Nefrologia,4211876
0763d04e-5e71-467c-a8fc-62ed284395f7,Ricardo Correia Teixeira,Oncologia,3108602
4ec31113-b216-4dc9-a91c-15f0908b6e01,Marcos Dias Souza,Cardiologia,2933158
8bf738fb-e9be-4c4f-a6ed-882d9d6dc3ef,Marcos Gomes Cavalcanti,Oftalmologia,4313953
648944b0-2f3c-4517-bbf9-b5d3911b8a46,Bianca Peixoto Rezende,Radiologia,3504800
29cd6c6d-2a72-43ea-a4b4-17aceff32b20,Maria Gomes Dias,Cardiologia,2202109
a672e613-2e36-4a23-8ece-05d2827586cb,Camila Costa Cardoso,Oftalmologia,3108602
f56161c6-b1c8-4f92-b3b5-2bd7532c6779,Ana Farias Silva,Pediatria,2201572
14a4647e-02c2-4b1a-a3da-ab0b2f77721e,Daniel Rocha Cavalcanti,Pediatria,3550308
82b8c625-be4c-4a6b-9c1a-df3a14b41c35,Gabriel Barbosa Teixeira,Ginecologia,3135050
3c72485f-12b3-4016-b2e7-3e5ab9511849,Carlos Barbosa Rodrigues,Oncologia,1708254
a1a463c9-0cc1-4ea6-b863-9b1b6cff55e3,João Lima Freitas,Oncologia,4105409
b70a35d9-f49e-4e6b-a64b-d30f4aba0082,Tatiane Lima Freitas,Neurologia,4115804
c5425aff-2921-439b-90a0-0c5da8a24c0c,Lucas Mendes Costa,Ginecologia,1501253
20707b08-f119-404d-8ab8-13c002b0c197,Maria Cardoso Freitas,Oftalmologia,4314902
e453fcf4-0caa-42a1-af66-0c085364e3a7,Maria Oliveira Cavalcanti,Pediatria,5204656
ae33c467-12d9-4eef-8b91-97b83ad7c576,Maria Rezende Cardoso,Nefrologia,3132008
3f66f673-487b-406a-8feb-4ba7e1b77067,João Nascimento Nascimento,Urologia,3550308
85068cbc-d1c4-47ce-b8db-3df09b20ff87,Sofia Mendes Rocha,Ortopedia,4204806
85c65142-c201-4221-b61a-8b18f1a24804,Eduardo Araújo Silva,Nefrologia,3138104
b5972d66-31c8-47c4-a808-8ef6162fa5f3,Camila Almeida Oliveira,Nefrologia,3126307
41a2157e-3966-486b-a7de-e11a404d5747,Daniel Mendes Pereira,Endocrinologia,1507979
0966e3d2-531d-416d-9bf5-1f2ad3b520e2,Eduardo Fernandes Martins,Anestesiologia,4308458
d9f563c0-e896-451f-906a-b9c8b62ae329,Juliana Araújo Nascimento,Cardiologia,2309003
94846820-377b-4bd6-95ac-9725cfd9de3c,Sofia Rocha Fernandes,Urologia,4316477
da114949-42dd-41fb-8261-2a4af6444f1d,Ricardo Mendes Araújo,Pediatria,4116505
1f79fdf2-fe72-41e3-b9bb-a0cb68bb98b8,João Gomes Cavalcanti,Clínica Geral,2702355
57f01884-1e75-4ffc-9904-72aef61eeb41,José Pereira Oliveira,Nefrologia,4215059
07c37b14-19cf-4bc1-9c27-2cc8a4d44892,Tatiane Cavalcanti Mendes,Neurologia,2104552
f822d9f1-7589-4882-8991-59c53800cc13,Ana Cardoso Gomes,Urologia,3121001
1e4927d1-e088-4987-9a76-638ecb4b107b,Paulo Cavalcanti Martins,Clínica Geral,1718006
71f78244-d629-4892-9b34-d99a30e2dcc5,Juliana Souza Pereira,Ginecologia,2903953
f175cc48-d0aa-44ef-b7da-2ad294f4a7b9,Larissa Freitas Barbosa,Cardiologia,2601508
08b2a3cd-ca19-46c5-9b4e-a58b71e99b52,Carlos Correia Rezende,Endocrinologia,2501906
e53329d6-a390-4da4-a2e8-bbc1ad4e0969,Maria Souza Mendes,Neurologia,4104006
38b08c81-9e72-4ee8-a731-074a5ad8cf5a,Lucas Nascimento Silva,Ginecologia,2601607
457a89f3-45a0-4eb2-b70d-5668095443b9,Fernanda Almeida Barbosa,Clínica Geral,4319307
f2ccb231-53a2-4d89-869b-de493a13b74a,Ricardo Silva Gomes,Anestesiologia,2208551
a0217ba9-c0d1-416a-b65a-6fe8f90a258a,Larissa Rodrigues Rodrigues,Oncologia,3521200
39c6e09a-e05b-45f8-9f31-d83bfe22462a,Maria Rezende Nascimento,Endocrinologia,5107065
df8ec913-fd2f-4477-8369-6f9be6e569d8,André Mendes Martins,Anestesiologia,3111804
201036ec-d6ef-47fb-9612-124a8080ee74,Ana Cavalcanti Almeida,Cardiologia,2504504
64be1167-0e42-4e5e-aa43-b4ac194f3b2a,Felipe Almeida Mendes,Clínica Geral,5201801
748a1c8e-8af7-4e5a-aba3-2f7d8ed6a7cc,Larissa Rezende Teixeira,Urologia,1700707
31b5d6b8-6253-4b04-8cbc-82b1fb5bf98d,Gabriel Martins Dias,Psiquiatria,5213509
f6bc95d9-3215-4404-a466-14524a25fa3e,Felipe Lima Rocha,Neurologia,2305100
a1079073-5d02-4cdd-9b27-b14d1aadec34,Marcos Teixeira Rodrigues,Dermatologia,2207850
14b149a6-3283-42f2-9a46-7f6acc49ea15,Fernanda Oliveira Farias,Dermatologia,4314902
1920bbfb-f45f-4c3d-bdd3-37fdf33477f7,Luana Martins Silva,Cirurgia Geral,2700805
0b04e3c7-1717-4437-9ba4-362cdf3b8618,Maria Correia Gomes,Nefrologia,3509502
c8ff19d8-f602-42f4-b5ee-da14a6186ee8,Daniel Pereira Freitas,Oftalmologia,3516853
dea70661-d2f2-47f4-a512-38e8898f046a,Eduardo Nascimento Fernandes,Cirurgia Geral,4316501
9a5217c9-57ff-4a35-a1c9-9c6323c352a2,Paulo Silva Dias,Endocrinologia,2601607
a8dd427c-2e1d-45f7-b845-d6e1c96170e4,André Almeida Rocha,Ginecologia,5201801
191296e1-572d-4c6c-9625-71300c57fa6e,João Silva Costa,Urologia,3108602
0ef9ade7-db67-4c25-b1d9-06d371e82b5c,Ana Rocha Barbosa,Oftalmologia,5201801
5821573a-eff0-49ab-b066-f5f252359622,Tatiane Gomes Peixoto,Ginecologia,4302659
00c3926e-7827-4b79-ba98-75dace5c1c10,Sofia Correia Barbosa,Anestesiologia,2111029
b1b7af81-d9b4-484d-9864-a82547433fc0,Sofia Nascimento Costa,Cirurgia Geral,2506301
2c1fce19-ffda-4f1a-a406-5d23caa23be0,Ricardo Farias Fernandes,Nefrologia,4321808
87122c8a-cba4-48bd-a064-9d5a6c1e3c28,Vinícius Cavalcanti Rocha,Endocrinologia,2108504
9e388ff2-a36d-44ca-9595-d3db5974c74b,Eduardo Rodrigues Farias,Cirurgia Geral,5004700
473da629-96ed-4080-a44a-af51ca9c5419,Paulo Cardoso Farias,Cardiologia,3126307
691a8029-ccb1-422f-91bb-1d55e9a3ec0f,Ricardo Rezende Lima,Pediatria,3144672
86721a0c-7728-4f15-bd9d-b28aae427cca,Vinícius Gomes Correia,Neurologia,5300108
d4d34644-e373-4485-8098-592471cc2c2d,Sofia Araújo Cavalcanti,Cardiologia,5208707
40c14016-c05f-4c20-a998-53332aa77afa,Felipe Araújo Fernandes,Endocrinologia,3520707
0446071b-6767-43d2-9fc6-a022ddb4db7a,André Nascimento Farias,Ortopedia,2412609
ea67f12e-3846-4b3b-9bfa-23191d2c6d54,Eduardo Lima Dias,Neurologia,2910107
ac81f9c0-8199-4fe9-9b3e-a450e2aff36d,Patrícia Freitas Cardoso,Nefrologia,2932002
0ba5e96b-ea9f-4412-bbe1-b5b2a4d10c2a,Luana Souza Mendes,Infectologia,4323804
483709f3-b2ed-416f-b4fb-8e08a9223a87,Eduardo Rodrigues Martins,Clínica Geral,4100905
f77064d6-73f3-4914-9757-c80379194195,Eduardo Cardoso Silva,Ginecologia,4316501
5d3b74b1-8eed-4662-a48e-a434c3f5768a,Eduardo Araújo Freitas,Urologia,1501402
1a8d2635-1c3e-43af-b495-e2610120e2e0,Ana Mendes Peixoto,Cirurgia Geral,3138807
1128038f-e1d1-4e28-8342-90ad9a39d0fc,Carlos Souza Cavalcanti,Nefrologia,2106672
d59b0cac-ca6f-4e60-862f-ef1a6f6e2a8e,Daniel Rodrigues Souza,Infectologia,2311231
9b776604-e330-4896-8988-2127864b8779,Tatiane Farias Peixoto,Psiquiatria,2932903
62ea56b3-f8b6-436e-aa6c-1232043f6e5c,Daniel Lima Silva,Urologia,4308458
504a34f8-abbf-454c-9bc6-d47f08f123d6,Ricardo Barbosa Farias,Nefrologia,3154200
02e66705-45e3-4dfa-90d3-f3e46211535f,João Gomes Pereira,Anestesiologia,3524808
1dd8e49e-c0cd-4fc3-bc0e-d7fede51a246,Sofia Oliveira Souza,Endocrinologia,4319505
3b8c4a3b-9112-4c7a-84fa-7ff65340115b,Marcos Lima Pereira,Psiquiatria,2502003
2daa26e0-d4e8-4c64-8f8a-a5d691a7b4d6,Bianca Nascimento Cavalcanti,Radiologia,3521309
797a392a-4067-4fdf-ab0e-ca9b613435c3,Camila Souza Freitas,Oncologia,2508703
25230768-d54f-48e9-9c78-e287b40ff7f8,Fernanda Nascimento Cavalcanti,Oncologia,4314902
1fa815ae-bfcc-4443-ad3b-d9f8f32eda4e,Rodrigo Barbosa Lima,Infectologia,5201405
8b43e579-f2b9-455f-80f8-da4f2bc47319,Fernanda Teixeira Rodrigues,Radiologia,1501402
5a18e91a-eaa3-47b1-b572-cb07fdafcb4a,Maria Pereira Fernandes,Endocrinologia,2200277
d48816f6-ec10-43ea-8527-3a58aa33ef32,Maria Peixoto Teixeira,Radiologia,3550308
dc34a03b-1fb7-439f-aae4-d8c4638f4b32,Luana Freitas Fernandes,Oncologia,3104403
5a4b8206-5391-4bb3-8084-cd7a7b17a4c7,Larissa Oliveira Rezende,Cirurgia Geral,3156452
02a98fdb-1ac1-40e5-a284-7461bb4f9991,André Silva Martins,Neurologia,4319307
bb182b2c-cd7d-48c8-bb37-f4906ddba442,Lucas Freitas Lima,Anestesiologia,2706000
31ace4bb-e007-410d-95c8-7f798ed1ff45,Tatiane Mendes Araújo,Cirurgia Geral,3504404
0d66582f-43f1-4d1d-9bd5-e91393cd78f1,João Cardoso Martins,Ginecologia,4303806
c9ab6aae-121c-49a9-b105-f6725224857f,Rodrigo Gomes Dias,Pediatria,3539301
fb75a87e-8875-45bd-8277-bc0ece61cfe1,José Rodrigues Cavalcanti,Psiquiatria,2209658
d4842f74-9709-4d5b-9d24-5bf080c5de27,Eduardo Martins Lima,Cirurgia Geral,2614204
23c031f7-6223-4116-88bb-5747065b76b6,Vinícius Peixoto Peixoto,Endocrinologia,2501153
ad1bb357-8f26-4ba6-845a-e657639acca8,Tatiane Barbosa Nascimento,Cardiologia,2700805
9e399531-15ca-4e27-a57d-06f090f04d7f,Ana Gomes Cardoso,Cirurgia Geral,2917409
e5d1a28e-0c0d-4a10-8aeb-0706108a7bf6,Luana Oliveira Pereira,Ginecologia,4316477
b704aea8-9c32-4a6b-a10f-818e153c8865,Gabriel Barbosa Oliveira,Dermatologia,3200409
fc6d8069-f690-454a-9718-c439d5a56abd,Luana Costa Nascimento,Cirurgia Geral,2501906
16316d95-251c-42bc-b3a9-5ee8dd1bdc1f,Juliana Nascimento Cavalcanti,Oncologia,2803401
2edefd11-2b63-4439-a3e3-6f0ac8666a0e,Paulo Rocha Barbosa,Cardiologia,2202075
9b6d87ee-6fc0-42fe-af40-6c086ba2782b,Paulo Lima Souza,Infectologia,4124202
00a09b9e-101f-4779-8fbe-c83e695ab153,Vinícius Teixeira Araújo,Clínica Geral,5213400
fe6851d7-f895-4bde-9b43-8bdd40152b75,Lucas Cavalcanti Cavalcanti,Psiquiatria,3551009
9c3815cc-5c47-4c67-808d-93f586bd1d48,Paulo Silva Pereira,Oftalmologia,3117900
a4a47ab1-6867-44fe-9bee-b9a9e620321c,Lucas Souza Rezende,Cirurgia Geral,5203939
5c58f770-57da-472d-acd0-587d7d8f01de,Gabriel Gomes Souza,Radiologia,2503803
b01855b2-8683-40d7-aa6e-a64440c94a7b,Lucas Souza Mendes,Oncologia,3555406
ca2410af-75e0-4264-aedd-361c134d4575,Paulo Dias Peixoto,Clínica Geral,4316501
89ed1215-e69a-43ce-9d5a-d1c5123c40a7,Camila Silva Almeida,Infectologia,2504207
3091273e-46fb-4fbc-bfb0-81c76f9f2fd5,Larissa Rocha Fernandes,Psiquiatria,2511707
dcff782d-285a-43d8-a556-09fcfe48f9fa,André Araújo Cardoso,Nefrologia,4106902
973ee442-e2f8-445f-a50b-6b40b7cf80a3,Sofia Correia Souza,Pediatria,3136504
98f78dde-53bf-4086-8847-84dde052d516,Camila Martins Silva,Dermatologia,2207108
1ea14d17-76c6-4d7a-abe9-671d970c3e74,Rodrigo Oliveira Almeida,Anestesiologia,3148707
d1b199db-7b41-4315-a7c2-34c167c0a1be,Luana Freitas Teixeira,Ginecologia,3518800
0979e3db-0df8-4caf-ab1e-0f85630b2f2f,José Teixeira Rodrigues,Clínica Geral,3536406
401cc324-96d6-4e35-9817-d65bed89d35d,Luana Gomes Costa,Psiquiatria,2909000
7b572ff1-99b4-4089-984f-7ffff1e3f06e,Fernanda Farias Teixeira,Psiquiatria,4115309
3e25c186-d40f-4830-b1bc-31457dae31bf,Bianca Barbosa Freitas,Anestesiologia,4106902
69865d34-86ca-411f-a8f3-9a5d717ad2da,Tatiane Almeida Mendes,Urologia,3111804
545b0d8a-4d33-48be-8d55-a9445e4f18fd,Marcos Farias Gomes,Cardiologia,2201572
fa76448c-4efd-4bcf-ae0d-6e8d30dfe990,Bianca Silva Correia,Cirurgia Geral,4201505
eecc8279-4cc1-4359-b852-b01348c7d5c2,Eduardo Freitas Rocha,Cardiologia,1303908
0d57a300-e4c6-4d14-951a-f9012bcdfd43,Fernanda Martins Rodrigues,Cirurgia Geral,2806800
73beb44c-0d18-4702-abab-b4aa45eece93,Lucas Souza Rocha,Pediatria,3516705
4f0a3d8c-7880-41fb-98e1-ca405e3e2bb1,Rodrigo Rezende Fernandes,Oftalmologia,1722107
87e00aaf-a1ee-4ba0-b049-d41260cca20f,Sofia Nascimento Rodrigues,Oncologia,2111904
88d70d41-87d2-4ad2-bcb3-662fe4f8d79f,Paulo Oliveira Souza,Endocrinologia,1718006
1414484e-3979-432e-8169-69a3d41bc272,Carlos Dias Martins,Anestesiologia,2104602
d69d6781-c39f-4206-bc4c-14f37d5d5b45,Ana Mendes Rocha,Urologia,4303806
ebd7061c-8e91-4c76-9093-a2f91fdb64f3,Ana Costa Pereira,Psiquiatria,4119905
d2830b2e-08f1-48eb-99e8-1bbb3416ec08,Larissa Rocha Cavalcanti,Nefrologia,5201405
94da8eaa-f13f-4f95-b878-9bb383171d1b,Ana Costa Rezende,Clínica Geral,2803906
14324e99-759f-44e0-a68a-26deeee0805e,José Farias Araújo,Neurologia,3519071
2a01296c-04e4-4b2f-9b26-4121c065bbde,Camila Barbosa Freitas,Cardiologia,1507458
e3aaade9-e654-457f-97e7-fa09ceef8a9b,Larissa Martins Oliveira,Oftalmologia,3148756
c5a94bf9-10bd-4d05-829d-3dace45f8832,Luana Oliveira Teixeira,Oncologia,2502003
fa367fcf-d077-4005-940d-144dbf8f43b4,Patrícia Oliveira Costa,Ginecologia,2200400
77b7ae8d-e1d5-4725-ada2-3356bd6e7609,Bruno Costa Rodrigues,Ginecologia,1400456
af131d44-5eac-4f0f-ac3c-0457225a347f,Daniel Araújo Fernandes,Urologia,3163607
f859a67e-60dc-4695-8809-25fd51ccdcde,Bruno Rodrigues Dias,Nefrologia,3117405
4d665ced-706d-4a5f-91db-f69b70d58c54,José Cavalcanti Almeida,Endocrinologia,2700805
83c297a7-b0af-4352-8659-ff4e429e15d2,Gabriel Mendes Rodrigues,Nefrologia,2700805
fa83530a-cb7b-4df1-aa92-25db58b08a1b,Maria Mendes Mendes,Urologia,3518305
e457d0b0-220b-4993-8f23-1188f6d2cb62,José Nascimento Rodrigues,Ginecologia,2303600
c5bb9ee4-bd15-4606-ba1e-6973aa385a8e,Paulo Teixeira Freitas,Infectologia,2504009
9090cbef-d5a3-455f-8dd1-b91fcffc834e,José Oliveira Farias,Pediatria,1501402
c784904c-933c-4aa9-bc62-bc58ff41b02c,Eduardo Rodrigues Almeida,Clínica Geral,4123105
c5db8f40-8290-4af3-bd68-20a74586096c,Juliana Souza Freitas,Oftalmologia,2208551
50878182-5824-4e6d-8d70-c67bedd0f497,Rodrigo Gomes Costa,Ginecologia,3140902
fb3b0035-5911-4031-a923-c91f94eea9be,Eduardo Cavalcanti Cardoso,Oncologia,5201405
8556e3fe-b45b-4c2b-941b-2c7e596ba406,Maria Correia Araújo,Anestesiologia,1303908
b6bc4e3e-a193-4ef5-ad9f-ca0dd308a576,Carlos Teixeira Gomes,Infectologia,2412609
48dae846-a78e-4312-8f79-448c879f001e,Vinícius Martins Cardoso,Nefrologia,5103700
3d34a163-8d32-471c-ad4d-72c98dea3c2a,Eduardo Oliveira Peixoto,Ortopedia,1100155
3cd09897-b408-440f-863a-e496d4445cb9,Eduardo Peixoto Araújo,Cirurgia Geral,2926509
e297c719-1342-4b7f-a512-41370e48636f,Eduardo Martins Martins,Oftalmologia,4322509
3dcd811b-32c1-465d-971a-8ee4f9b5317e,Daniel Teixeira Teixeira,Dermatologia,1302603
b532aab5-8f66-4299-8ce3-9a9fca0bdc29,Sofia Rocha Rezende,Anestesiologia,2412609
9d1755c7-9561-4bcb-b00d-4bd520414e66,José Oliveira Lima,Cirurgia Geral,2705804
93f877c9-8944-461b-9277-517baeb2f96b,Bruno Oliveira Freitas,Cardiologia,1101609
b1eecb21-0dba-442c-9e52-890d659e3a7b,Fernanda Souza Fernandes,Radiologia,2501906
a5130c99-f9a5-4b89-b53b-e9b2bae8dce0,José Rocha Farias,Dermatologia,4310330
5d565e9c-027d-4987-bf5d-9e3d403889f8,Eduardo Mendes Nascimento,Infectologia,3121209
7d132b5f-ccdb-4802-8535-1db43bca0f60,João Cardoso Souza,Oncologia,3158953
03b586f0-7833-4dc2-8c7a-3269e1a6e51a,Carlos Rodrigues Fernandes,Neurologia,3524709
abf6a349-e765-41ca-8108-526cc2e30acd,Paulo Rodrigues Costa,Nefrologia,1304005
357149b2-0888-4fa7-84dd-6d155ba4e387,Felipe Souza Teixeira,Psiquiatria,3104205
79dd8452-6249-4254-aef1-c4da8b463bff,Marcos Gomes Pereira,Anestesiologia,4106902
c848c6e6-1e90-4b3d-989e-6ea53701adb2,Ricardo Rezende Rocha,Cirurgia Geral,2927408
bd7f8b88-aecf-4506-ae57-403b9e6e0df7,Larissa Oliveira Peixoto,Oftalmologia,4314902
b864c42b-3189-4fb5-bc8a-e109f7b432d6,Bianca Pereira Correia,Oftalmologia,2305357
436a5a91-a5fe-4098-ba23-3e6f4f2ab420,Felipe Oliveira Oliveira,Radiologia,2927408
15150cfd-6b21-489f-b9d7-fb0e17347852,Fernanda Gomes Mendes,Pediatria,2803302
72f44183-ae2e-4b3b-bedb-c9ae813210a1,Fernanda Araújo Pereira,Clínica Geral,2922409
7acbdefe-8b07-46c2-91eb-e62f01c8f416,Lucas Araújo Silva,Clínica Geral,3550308
ce4b72c1-0533-428a-89d3-bccc20a1d7a4,Gabriel Farias Dias,Dermatologia,3529708
5c799f44-6c70-4ae3-9734-ad607c9f4f30,Ana Barbosa Lima,Nefrologia,2908101
02bd1113-531e-4b9d-8e78-a7e9e398d240,André Costa Freitas,Oncologia,2611002
6d78f413-4925-48fb-9ddf-d56688043c1b,Lucas Nascimento Rodrigues,Dermatologia,1302603
80c967f5-234b-44e9-a81d-fa85c511a9c7,Vinícius Oliveira Pereira,Cardiologia,3517208
2b49b882-28cd-4e04-95b0-c16bb1ee162a,Luana Freitas Rodrigues,Clínica Geral,3143104
26c2837d-d59b-4a02-9c4d-75aa7edb4f0b,Eduardo Silva Nascimento,Dermatologia,2111300
16e2a99f-4151-417d-81c7-a5fac5731504,Camila Mendes Farias,Cirurgia Geral,4110508
4adee689-1492-4278-8f18-962b73bb7ce1,João Pereira Rocha,Anestesiologia,2111508
d3afaf4d-92da-485a-bb02-6c95515cf239,André Dias Gomes,Dermatologia,3205069
